frame,numero_pers,distance_x,distance_y,distance_z
0,0,-9.4914025,181.59526,0
0,1,351.75483499999996,-114.0018175,0
0,2,-99.036755,-286.31473,0
0,3,4.14421325,-1200.6439,0
0,4,124.79424,-1201.13905,0
0,5,324.35769500000004,-1121.0828999999999,0
0,6,261.9359,-1212.78795,0
0,7,186.19529,-1174.44615,0
0,8,-308.46403499999997,-1292.2437,0
0,9,-158.09792,-1149.4285,0
0,10,-225.96377,-1138.8758,0
0,11,-428.26059,-1128.32115,0
0,12,-377.16431,-75.86156500000001,0
0,13,-683.332705,-1450.99695,0
1,0,-9.400403999999998,181.78427499999998,0
1,1,351.76118499999995,-113.97062249999999,0
1,2,-98.9152825,-288.048805,0
1,3,3.9582519999999994,-1200.76965,0
1,4,124.97456500000001,-1201.78195,0
1,5,324.355575,-1120.9296,0
1,6,261.8884,-1212.86005,0
1,7,186.39472999999998,-1174.9146500000002,0
1,8,-308.36465499999997,-1290.50545,0
1,9,-158.090055,-1149.7069,0
1,10,-226.127235,-1138.4468000000002,0
1,11,-427.6401,-1125.4445999999998,0
1,12,-376.73436,-75.263635,0
1,13,-683.5047500000001,-1451.00205,0
2,0,-9.209131500000002,182.17799,0
2,1,351.788685,-114.094037,0
2,2,-98.9579675,-288.36879999999996,0
2,3,4.1451405,-1200.8923,0
2,4,124.738185,-1202.301,0
2,5,324.27954,-1121.2034,0
2,6,261.91855499999997,-1212.99735,0
2,7,187.01503,-1175.9134,0
2,8,-308.73381,-1289.83125,0
2,9,-158.114195,-1149.7551,0
2,10,-226.44851,-1138.64925,0
2,11,-428.060835,-1127.8536,0
2,12,-361.738295,-75.72274,0
2,13,-683.0314699999999,-1451.0872,0
3,0,-9.259583000000003,182.35433,0
3,1,351.79319999999996,-114.101305,0
3,2,-99.054497,-287.977915,0
3,3,3.8234710000000005,-1200.9177,0
3,4,124.88917000000001,-1202.2564499999999,0
3,5,324.25231,-1121.078,0
3,6,261.88532999999995,-1213.0543,0
3,7,187.13611,-1176.45665,0
3,8,-308.50841,-1288.8825000000002,0
3,9,-158.08742,-1149.5578,0
3,10,-226.579715,-1140.29695,0
3,11,-427.25559999999996,-1125.8724,0
3,12,-361.17494999999997,-75.884425,0
3,13,-683.0451800000001,-1450.65775,0
4,0,-9.2269705,182.64135,0
4,1,351.81483000000003,-114.218318,0
4,2,-97.976965,-221.074955,0
4,3,4.0256742,-1200.7984999999999,0
4,4,124.78627,-1202.12925,0
4,5,324.17314999999996,-1121.24565,0
4,6,261.87513,-1212.85475,0
4,7,186.596765,-1175.7448,0
4,8,-308.23514,-1292.94445,0
4,9,-157.977655,-1149.83835,0
4,10,-227.07866,-1141.1525,0
4,11,-426.951915,-1129.07385,0
4,12,-361.948805,-76.37568999999999,0
4,13,-682.76875,-1449.6882500000002,0
5,0,-9.2108375,182.62294,0
5,1,351.861005,-114.531397,0
5,2,-97.90311,-220.32560999999998,0
5,3,3.76941035,-1200.7723500000002,0
5,4,124.8280225,-1202.0326,0
5,5,324.40675,-1121.2278999999999,0
5,6,261.89234999999996,-1212.9035,0
5,7,187.336195,-1177.1747,0
5,8,-308.94284,-1290.9472,0
5,9,-158.048665,-1149.32955,0
5,10,-227.436205,-1140.74325,0
5,11,-427.05338,-1127.2901000000002,0
5,12,-361.29970000000003,-76.646762,0
5,13,-683.075,-1450.63535,0
6,0,-9.4182205,182.445915,0
6,1,351.843915,-114.45147750000001,0
6,2,-98.800145,-211.90388000000002,0
6,3,3.5138325000000004,-1200.7934500000001,0
6,4,124.79792,-1202.16165,0
6,5,324.391295,-1121.2008999999998,0
6,6,261.88657,-1212.8652499999998,0
6,7,187.23739999999998,-1176.4991,0
6,8,-308.67436,-1291.0654,0
6,9,-158.073565,-1149.3087,0
6,10,-227.48516,-1140.71705,0
6,11,-426.523665,-1124.8501999999999,0
6,12,-361.29637,-76.71921,0
6,13,-682.76755,-1449.1643,0
7,0,-9.366608999999997,182.78463,0
7,1,352.05506,-114.3481275,0
7,2,-99.10261249999999,-212.54889500000002,0
7,3,3.7723533000000002,-1200.7104,0
7,4,124.664075,-1202.4276,0
7,5,324.5073,-1120.6873500000002,0
7,6,261.8852,-1212.9768,0
7,7,186.86551,-1176.3933000000002,0
7,8,-308.5531,-1291.2298,0
7,9,-157.950185,-1149.8076500000002,0
7,10,-226.96048,-1139.1759,0
7,11,-426.49721,-1124.3911,0
7,12,-361.82915,-76.31694250000001,0
7,13,-682.7248,-1449.0689,0
8,0,-9.359104000000002,182.80307,0
8,1,351.98703,-114.351947,0
8,2,-99.608855,-212.841435,0
8,3,3.6909105,-1200.6458,0
8,4,124.63941249999999,-1202.2707,0
8,5,324.51239999999996,-1120.5796500000001,0
8,6,261.899095,-1212.8734,0
8,7,186.87471,-1176.69055,0
8,8,-308.45541000000003,-1290.1631499999999,0
8,9,-158.16616,-1149.208,0
8,10,-211.66173500000002,-1140.87865,0
8,11,-426.24714,-1123.76855,0
8,12,-361.80409,-76.355175,0
8,13,-682.59905,-1448.12775,0
9,0,-9.376581499999997,182.831695,0
9,1,351.97347,-114.265465,0
9,2,-104.2234805,-196.65877999999998,0
9,3,3.65109965,-1200.82465,0
9,4,124.711585,-1202.3862,0
9,5,324.38101500000005,-1120.04545,0
9,6,261.7984,-1212.9573500000001,0
9,7,187.00594,-1177.1862999999998,0
9,8,-308.59898499999997,-1290.26375,0
9,9,-158.10783500000002,-1149.37655,0
9,10,-226.633285,-1142.3858500000001,0
9,11,-425.58537,-1117.8961,0
9,12,-361.85209,-76.160695,0
9,13,-682.7262499999999,-1448.26935,0
10,0,-9.175192,182.647355,0
10,1,351.994125,-114.814202,0
10,2,-104.406135,-201.502305,0
10,3,3.5166417500000002,-1201.0309,0
10,4,124.53496799999999,-1202.4081,0
10,5,324.8565,-1120.1462999999999,0
10,6,261.828915,-1212.90405,0
10,7,187.02732500000002,-1177.5122000000001,0
10,8,-308.56613500000003,-1291.7776,0
10,9,-158.00906500000002,-1149.17445,0
10,10,-226.836315,-1144.35,0
10,11,-425.644685,-1115.29305,0
10,12,-361.927655,-75.98729,0
10,13,-682.749935,-1448.3431,0
11,0,-9.186542500000002,182.41415,0
11,1,351.97742500000004,-114.262843,0
11,2,-100.04265000000001,-215.131515,0
11,3,3.596628,-1200.86005,0
11,4,124.7010525,-1202.3659,0
11,5,324.91425,-1120.1064000000001,0
11,6,261.81501000000003,-1213.0644,0
11,7,187.02065,-1176.9358000000002,0
11,8,-308.30427,-1292.2154,0
11,9,-158.12268999999998,-1149.1824,0
11,10,-227.253615,-1144.8605,0
11,11,-426.05377,-1116.67355,0
11,12,-361.903225,-75.967535,0
11,13,-682.8160849999999,-1447.99065,0
12,0,-9.176108,183.11307,0
12,1,351.91438500000004,-114.491525,0
12,2,-104.28022,-196.224605,0
12,3,3.5790946500000005,-1200.8219,0
12,4,124.59724499999999,-1202.6749,0
12,5,324.397215,-1119.8368,0
12,6,261.859955,-1213.01855,0
12,7,186.886585,-1177.68395,0
12,8,-308.29885,-1290.3106,0
12,9,-158.05689999999998,-1149.38335,0
12,10,-227.07874500000003,-1144.69605,0
12,11,-426.359485,-1116.31955,0
12,12,-361.79666,-75.87985499999999,0
12,13,-682.39999,-1446.8067,0
13,0,-9.17024,183.0244,0
13,1,351.90573,-114.50881,0
13,2,-104.1940175,-196.110425,0
13,3,3.598087,-1200.68305,0
13,4,124.45464,-1202.60225,0
13,5,324.368535,-1119.9088,0
13,6,261.81159,-1212.96115,0
13,7,195.30578000000003,-1177.9112,0
13,8,-308.88176,-1288.7535,0
13,9,-158.132295,-1149.3706,0
13,10,-226.56214,-1141.80645,0
13,11,-427.01521,-1118.0664,0
13,12,-361.847765,-76.071485,0
13,13,-682.34182,-1447.2228,0
14,0,-9.364519000000001,183.086975,0
14,1,351.89435000000003,-114.49602,0
14,2,-103.69067749999999,-178.55446,0
14,3,3.30330125,-1200.4162000000001,0
14,4,122.74621499999999,-1201.8222,0
14,5,324.37985000000003,-1119.8749,0
14,6,261.81337,-1212.9551999999999,0
14,7,195.03295500000002,-1178.1260499999999,0
14,8,-308.93689,-1289.5918000000001,0
14,9,-158.149055,-1149.1886,0
14,10,-226.990675,-1143.0094,0
14,11,-426.59756500000003,-1118.0182,0
14,12,-361.87755,-76.18775,0
14,13,-682.905625,-1449.1649000000002,0
15,0,-9.388523,182.567335,0
15,1,351.89455999999996,-114.4981725,0
15,2,-104.124292,-195.436095,0
15,3,3.1600277,-1200.0937,0
15,4,124.5528325,-1200.12205,0
15,5,324.26223500000003,-1119.9443,0
15,6,261.80246,-1213.0104000000001,0
15,7,186.93065,-1178.2388999999998,0
15,8,-308.93832499999996,-1291.35275,0
15,9,-158.146175,-1149.0462,0
15,10,-227.081245,-1143.6444000000001,0
15,11,-426.28459,-1115.16955,0
15,12,-361.862265,-75.99823,0
15,13,-682.99278,-1449.10265,0
16,0,-9.3792185,182.5995,0
16,1,351.89974,-114.50649999999999,0
16,2,-99.87212500000001,-202.66222,0
16,3,3.2757715000000003,-1200.0486500000002,0
16,4,121.54388499999999,-1199.84915,0
16,5,324.365355,-1119.8144499999999,0
16,6,261.80181,-1213.02985,0
16,7,186.90883,-1177.49,0
16,8,-308.72914000000003,-1288.59455,0
16,9,-158.16781,-1149.174,0
16,10,-227.025175,-1143.4413,0
16,11,-426.905125,-1118.38935,0
16,12,-361.88500999999997,-75.9947375,0
16,13,-682.87125,-1449.6626,0
17,0,-9.573781500000003,182.82610499999998,0
17,1,351.83105,-114.23525000000001,0
17,2,-103.57578000000001,-196.55606,0
17,3,2.6110173000000003,-1199.65075,0
17,4,122.70609300000001,-1201.0740999999998,0
17,5,324.37343,-1119.7783,0
17,6,261.7818,-1213.01465,0
17,7,194.94411,-1177.2058,0
17,8,-308.9994,-1290.09515,0
17,9,-158.162505,-1149.1435999999999,0
17,10,-226.919755,-1144.3923,0
17,11,-426.95498,-1117.301,0
17,12,-361.77212999999995,-75.58957000000001,0
17,13,-682.9246499999999,-1450.1077,0
18,0,-9.572029,182.44669499999998,0
18,1,351.964645,-114.672075,0
18,2,-103.7010625,-181.94070499999998,0
18,3,1.3700770000000002,-1199.66175,0
18,4,121.49521,-1201.44915,0
18,5,324.385895,-1119.8225,0
18,6,261.79188,-1213.04285,0
18,7,194.99892499999999,-1178.0306,0
18,8,-309.11215500000003,-1289.8303,0
18,9,-158.18004000000002,-1149.20145,0
18,10,-227.04344,-1144.3364499999998,0
18,11,-427.963985,-1121.9027,0
18,12,-361.74372000000005,-75.5171825,0
18,13,-683.72963,-1453.1563999999998,0
19,0,-9.376604,182.45785999999998,0
19,1,351.91422,-114.636093,0
19,2,-104.348713,-187.07639999999998,0
19,3,1.151967,-1199.3494500000002,0
19,4,123.377295,-1200.2096000000001,0
19,5,324.37372,-1119.7066,0
19,6,261.79976,-1212.9859000000001,0
19,7,195.229995,-1177.1037999999999,0
19,8,-309.00642500000004,-1290.2242,0
19,9,-158.18371000000002,-1149.1569,0
19,10,-226.711855,-1145.6386499999999,0
19,11,-427.862015,-1121.8471,0
19,12,-361.925385,-75.26691249999999,0
19,13,-682.9488200000001,-1449.92585,0
20,0,-9.384170999999998,182.8404,0
20,1,351.92223,-114.22889,0
20,2,-103.681034,-204.92543,0
20,3,1.3196865000000004,-1199.62435,0
20,4,123.624338,-1198.9257499999999,0
20,5,324.36045,-1119.731,0
20,6,261.80415,-1213.1132,0
20,7,195.528155,-1175.1914,0
20,8,-309.243065,-1291.4184,0
20,9,-158.051305,-1149.2475,0
20,10,-226.740445,-1145.5345,0
20,11,-427.389925,-1119.652,0
20,12,-361.75061500000004,-75.1634075,0
20,13,-682.9545,-1450.02245,0
21,0,-9.3766615,182.76422000000002,0
21,1,351.91077,-114.564765,0
21,2,-110.00756200000001,-189.2835,0
21,3,2.0943217499999998,-1199.3928,0
21,4,124.08059500000002,-1181.0718,0
21,5,324.44057,-1119.4065,0
21,6,261.74619,-1212.9008,0
21,7,187.72984,-1176.7882,0
21,8,-309.09207,-1289.5529999999999,0
21,9,-158.134865,-1149.2026500000002,0
21,10,-226.79692,-1145.1374,0
21,11,-427.59512,-1121.5333500000002,0
21,12,-379.518995,-75.090755,0
21,13,-682.98543,-1450.87815,0
22,0,-9.398728000000002,182.898865,0
22,1,351.80699000000004,-114.27888,0
22,2,-114.52633,-196.23493000000002,0
22,3,1.0849379999999993,-1199.13435,0
22,4,123.85497000000001,-1172.08635,0
22,5,324.537015,-1119.7541,0
22,6,261.835645,-1213.1171,0
22,7,192.17585,-1176.1979999999999,0
22,8,-309.03822,-1288.8921500000001,0
22,9,-158.03012,-1149.19315,0
22,10,-226.77086,-1145.2471500000001,0
22,11,-428.01471,-1122.94045,0
22,12,-361.73168999999996,-74.84228999999999,0
22,13,-683.27503,-1450.5064,0
23,0,-9.231851500000001,182.74012,0
23,1,351.756285,-114.281768,0
23,2,-105.48622,-207.3358,0
23,3,1.8503867499999997,-1199.38105,0
23,4,123.857505,-1177.09865,0
23,5,324.57209,-1119.94985,0
23,6,261.806935,-1213.09685,0
23,7,199.18984,-1166.5194999999999,0
23,8,-308.9785,-1288.0367999999999,0
23,9,-158.16923500000001,-1149.4142,0
23,10,-226.78269,-1145.21395,0
23,11,-428.37184,-1126.2028,0
23,12,-361.88176,-75.16781,0
23,13,-682.812655,-1449.46115,0
24,0,-9.396139000000002,182.97216500000002,0
24,1,352.014035,-114.23630499999999,0
24,2,-109.771885,-215.98570999999998,0
24,3,1.8744254999999996,-1199.1747,0
24,4,125.493023,-1234.79475,0
24,5,324.45626500000003,-1119.5535,0
24,6,261.84904,-1213.16065,0
24,7,199.69422,-1168.2712000000001,0
24,8,-308.67368,-1287.7669999999998,0
24,9,-157.96116999999998,-1149.68705,0
24,10,-226.825185,-1145.57375,0
24,11,-428.143035,-1124.09395,0
24,12,-361.86828,-75.072735,0
24,13,-682.508145,-1448.2341999999999,0
25,0,-9.238346,182.78705,0
25,1,351.91078000000005,-114.523795,0
25,2,-111.76112499999999,-227.08447,0
25,3,2.196906,-1199.0919,0
25,4,123.474835,-1160.2907500000001,0
25,5,324.57507499999997,-1120.25425,0
25,6,261.840895,-1213.1087,0
25,7,199.867285,-1167.9456500000001,0
25,8,-308.956135,-1291.29465,0
25,9,-157.946075,-1149.7310499999999,0
25,10,-227.032445,-1146.26735,0
25,11,-428.23279,-1124.6879,0
25,12,-361.71924,-74.7861825,0
25,13,-682.365845,-1448.2226999999998,0
26,0,-9.274812999999998,182.4709,0
26,1,351.843705,-114.281935,0
26,2,-113.543465,-223.549715,0
26,3,2.265375,-1199.1001,0
26,4,123.36125,-1163.69765,0
26,5,324.55962999999997,-1120.2723999999998,0
26,6,261.867195,-1213.16515,0
26,7,202.38927,-1163.0014,0
26,8,-308.87065,-1290.0965,0
26,9,-158.09694000000002,-1149.9011999999998,0
26,10,-226.876115,-1146.1723499999998,0
26,11,-427.841355,-1122.8249500000002,0
26,12,-361.95267,-74.517977,0
26,13,-682.83245,-1448.4923,0
27,0,-9.215825000000002,181.82445,0
27,1,351.92553499999997,-114.449145,0
27,2,-115.33471750000001,-221.86162,0
27,3,2.3849685000000003,-1199.2872499999999,0
27,4,123.3770875,-1167.0065,0
27,5,324.53204500000004,-1119.95545,0
27,6,261.800385,-1213.1376500000001,0
27,7,202.152905,-1162.49495,0
27,8,-308.8373,-1287.731,0
27,9,-158.20204999999999,-1149.8833,0
27,10,-226.95095500000002,-1149.33585,0
27,11,-427.817915,-1123.15665,0
27,12,-381.409985,-74.34375,0
27,13,-682.426215,-1447.89545,0
28,0,-9.3668765,182.624455,0
28,1,351.96428000000003,-114.354725,0
28,2,-115.475315,-214.49099999999999,0
28,3,2.9408329999999996,-1199.6983,0
28,4,126.89106699999999,-1290.9648499999998,0
28,5,324.52724,-1119.93065,0
28,6,261.80472,-1213.2332999999999,0
28,7,197.284065,-1160.37345,0
28,8,-308.52905999999996,-1293.54005,0
28,9,-158.08875999999998,-1149.13215,0
28,10,-227.24034,-1149.1149500000001,0
28,11,-427.71475,-1121.2492499999998,0
28,12,-379.68667,-74.454885,0
28,13,-682.2126149999999,-1447.33475,0
29,0,-9.339309999999998,181.93438500000002,0
29,1,351.98683,-114.38781499999999,0
29,2,-115.88351,-206.81313999999998,0
29,3,3.6180498500000002,-1199.39645,0
29,4,123.556512,-1161.1136000000001,0
29,5,324.24056,-1119.62245,0
29,6,261.806245,-1213.25585,0
29,7,202.69474,-1167.5258,0
29,8,-308.89703499999996,-1292.43775,0
29,9,-158.009155,-1149.4764,0
29,10,-227.05498,-1149.14885,0
29,11,-428.08709999999996,-1123.9372,0
29,12,-361.960325,-74.4167925,0
29,13,-682.6710499999999,-1448.3423,0
30,0,-9.560129,181.36735499999998,0
30,1,352.008225,-114.684457,0
30,2,-116.49665,-208.44272,0
30,3,4.0092222500000005,-1199.1323499999999,0
30,4,123.9793,-1170.73855,0
30,5,324.24597500000004,-1119.73535,0
30,6,261.78577,-1213.2930000000001,0
30,7,199.70938,-1168.0338,0
30,8,-309.01683,-1292.0823999999998,0
30,9,-157.870175,-1149.20885,0
30,10,-227.082015,-1148.9515999999999,0
30,11,-427.72553,-1122.15085,0
30,12,-362.249415,-75.621617,0
30,13,-682.64725,-1448.92945,0
31,0,-9.372364999999999,180.71607,0
31,1,351.998565,-114.31916,0
31,2,-111.019645,-168.1491,0
31,3,3.1672018,-1199.47365,0
31,4,124.16003,-1184.2975999999999,0
31,5,324.24591499999997,-1119.69395,0
31,6,261.740505,-1213.20305,0
31,7,199.29624,-1168.01305,0
31,8,-308.73789,-1291.94885,0
31,9,-157.957965,-1148.9785499999998,0
31,10,-227.09246000000002,-1148.73805,0
31,11,-428.0395,-1123.80455,0
31,12,-362.268845,-75.6159225,0
31,13,-682.80928,-1449.7415,0
32,0,-9.312393,178.263755,0
32,1,351.9591,-114.22771,0
32,2,-111.778535,-180.988225,0
32,3,3.307182,-1199.3748500000002,0
32,4,123.493195,-1189.74135,0
32,5,324.27443,-1120.0097999999998,0
32,6,261.755135,-1213.2289,0
32,7,197.18245000000002,-1160.6509,0
32,8,-308.44115,-1290.02065,0
32,9,-157.969805,-1149.1439,0
32,10,-226.88412,-1148.64655,0
32,11,-428.10826,-1124.6668,0
32,12,-362.27945,-75.6717575,0
32,13,-682.31687,-1447.8929,0
33,0,-8.696186,172.312895,0
33,1,351.77381,-114.02971,0
33,2,-111.955815,-176.994645,0
33,3,4.09263775,-1198.8216,0
33,4,123.42226,-1166.0617,0
33,5,324.278565,-1120.2309500000001,0
33,6,261.686455,-1213.26405,0
33,7,198.316385,-1163.7056,0
33,8,-308.69607499999995,-1291.54395,0
33,9,-157.94747,-1148.88105,0
33,10,-226.900865,-1148.6981,0
33,11,-427.855865,-1122.3749,0
33,12,-362.15247999999997,-75.15778,0
33,13,-682.376955,-1448.1156999999998,0
34,0,-7.557627500000002,168.178625,0
34,1,351.976625,-114.116655,0
34,2,-111.5761075,-171.19305,0
34,3,3.7465135,-1198.5174,0
34,4,124.09745,-1180.9502,0
34,5,324.2659,-1119.9325,0
34,6,261.64357,-1212.8925,0
34,7,197.87223,-1165.35365,0
34,8,-308.63694499999997,-1290.8766500000002,0
34,9,-157.94288,-1148.8038999999999,0
34,10,-226.87593500000003,-1148.7922,0
34,11,-427.965305,-1123.36885,0
34,12,-379.77071,-75.125302,0
34,13,-682.3165,-1447.78675,0
35,0,-4.7020965,167.026535,0
35,1,351.895965,-114.637948,0
35,2,-113.937903,-176.94564,0
35,3,4.4019397,-1198.9739,0
35,4,124.364965,-1184.25935,0
35,5,324.26468,-1120.26975,0
35,6,261.56717000000003,-1211.95545,0
35,7,197.751655,-1166.38955,0
35,8,-308.423085,-1289.65,0
35,9,-157.84407,-1148.99125,0
35,10,-226.96767,-1149.4519500000001,0
35,11,-428.215575,-1124.1858499999998,0
35,12,-362.14229,-75.066352,0
35,13,-682.11105,-1447.0873000000001,0
36,0,-2.5376580000000004,164.844875,0
36,1,351.86647,-113.9644475,0
36,2,-117.47721999999999,-187.45893,0
36,3,4.669722,-1198.9505,0
36,4,123.28304,-1194.2926,0
36,5,324.27301,-1120.2318,0
36,6,261.677405,-1212.3233,0
36,7,193.30761,-1166.51415,0
36,8,-308.52762,-1291.1091000000001,0
36,9,-157.847555,-1148.9768,0
36,10,-226.88454000000002,-1148.7442500000002,0
36,11,-427.73838,-1122.80225,0
36,12,-379.73654,-75.168665,0
36,13,-682.03241,-1446.8078500000001,0
37,0,-1.4075710000000008,162.26697000000001,0
37,1,351.992155,-114.21426,0
37,2,-120.35646,-199.21588,0
37,3,3.80353985,-1198.8301000000001,0
37,4,123.20694800000001,-1198.857,0
37,5,324.28502000000003,-1120.1518,0
37,6,261.79150500000003,-1212.91725,0
37,7,201.3855,-1167.2393,0
37,8,-308.35144,-1290.74035,0
37,9,-157.85291999999998,-1149.42995,0
37,10,-226.604515,-1148.7757499999998,0
37,11,-428.15236000000004,-1123.84625,0
37,12,-362.033915,-75.13827,0
37,13,-682.08052,-1446.9989,0
38,0,-0.3757894999999998,164.3404,0
38,1,351.96387500000003,-114.2749225,0
38,2,-122.957595,-212.90386,0
38,3,4.5028965,-1199.53575,0
38,4,123.56734500000002,-1197.76515,0
38,5,324.42336,-1120.2397500000002,0
38,6,261.65677999999997,-1211.69555,0
38,7,201.676035,-1168.4695,0
38,8,-308.49481000000003,-1290.77335,0
38,9,-157.86075,-1149.41345,0
38,10,-226.70535999999998,-1148.66495,0
38,11,-428.29344000000003,-1125.2009,0
38,12,-362.15719,-75.089359,0
38,13,-682.208665,-1448.3002999999999,0
39,0,1.054426000000003,162.970485,0
39,1,352.02840000000003,-114.37866,0
39,2,-124.63054500000001,-219.84164499999997,0
39,3,4.1631540000000005,-1198.95155,0
39,4,122.669978,-1199.9515000000001,0
39,5,324.40417,-1120.0475999999999,0
39,6,261.71247,-1211.9397,0
39,7,188.10329,-1171.12765,0
39,8,-308.50566,-1290.89655,0
39,9,-157.873585,-1149.5023,0
39,10,-226.831975,-1148.58705,0
39,11,-428.19730000000004,-1124.24215,0
39,12,-362.015995,-75.10736,0
39,13,-682.0182,-1446.9121,0
40,0,2.7320080000000004,161.33034500000002,0
40,1,352.11702,-114.79014000000001,0
40,2,-123.11335,-214.45292999999998,0
40,3,3.59828825,-1197.9706,0
40,4,122.75386,-1199.9263,0
40,5,324.42745,-1120.3038499999998,0
40,6,261.804055,-1212.13555,0
40,7,200.715035,-1164.75755,0
40,8,-308.61032,-1290.4311,0
40,9,-157.87506000000002,-1149.6394,0
40,10,-226.709215,-1148.5292,0
40,11,-428.04199,-1124.0672,0
40,12,-362.16504999999995,-75.0359,0
40,13,-681.83505,-1446.8085999999998,0
41,0,5.044796000000002,159.07243,0
41,1,351.99501,-114.51816550000001,0
41,2,-119.85612699999999,-194.75489,0
41,3,3.828966,-1198.2654,0
41,4,124.104565,-1200.0524500000001,0
41,5,324.49663999999996,-1120.5145499999999,0
41,6,261.87584499999997,-1212.6852,0
41,7,194.483515,-1169.27245,0
41,8,-308.681375,-1289.6434,0
41,9,-157.86557,-1149.3509,0
41,10,-226.66555499999998,-1149.45365,0
41,11,-427.891825,-1122.7894999999999,0
41,12,-362.12655500000005,-74.9728025,0
41,13,-681.891975,-1445.8533,0
42,0,8.695113,158.00179500000002,0
42,1,352.04920500000003,-114.48971,0
42,2,-117.25566799999999,-172.17395499999998,0
42,3,4.06696225,-1198.4265500000001,0
42,4,123.9197275,-1200.1503,0
42,5,324.367975,-1120.35205,0
42,6,261.90393,-1212.60645,0
42,7,198.99677,-1172.7444,0
42,8,-308.27036999999996,-1291.3029000000001,0
42,9,-157.90179999999998,-1149.23385,0
42,10,-226.7577,-1151.0808000000002,0
42,11,-428.715185,-1127.5169,0
42,12,-362.2467,-75.07811799999999,0
42,13,-682.25643,-1447.75445,0
43,0,12.975714,157.900765,0
43,1,352.00131,-114.897355,0
43,2,-115.592915,-179.73307,0
43,3,2.7157824,-1198.04015,0
43,4,123.58575499999999,-1200.6547,0
43,5,324.61201500000004,-1120.2588999999998,0
43,6,261.876,-1212.2753,0
43,7,194.080715,-1173.80885,0
43,8,-308.3662,-1290.42015,0
43,9,-157.899965,-1149.2383,0
43,10,-226.74722,-1150.8256999999999,0
43,11,-428.735385,-1128.0148,0
43,12,-362.07078,-75.02937,0
43,13,-682.04385,-1447.421,0
44,0,16.7641365,158.39989,0
44,1,351.987625,-114.810105,0
44,2,-113.065833,-190.292195,0
44,3,0.8607105000000006,-1198.26425,0
44,4,122.34469,-1201.3133,0
44,5,324.3694,-1120.0563000000002,0
44,6,261.88418,-1212.1487,0
44,7,189.61513,-1179.8485500000002,0
44,8,-308.38333,-1289.2522,0
44,9,-157.91619,-1149.24935,0
44,10,-226.637995,-1152.25485,0
44,11,-428.85425,-1129.0791,0
44,12,-362.13397499999996,-75.12391,0
44,13,-681.8664699999999,-1444.8060500000001,0
45,0,18.2017955,157.87853,0
45,1,352.007675,-115.200052,0
45,2,-110.18759,-197.62619999999998,0
45,3,0.20931750000000005,-1198.5140000000001,0
45,4,121.059425,-1201.29935,0
45,5,324.36195,-1119.9609999999998,0
45,6,261.86552,-1212.0686500000002,0
45,7,193.36094,-1178.55445,0
45,8,-308.6415,-1288.63725,0
45,9,-158.047065,-1149.5743,0
45,10,-226.568525,-1152.2649999999999,0
45,11,-429.089245,-1129.7343,0
45,12,-379.603305,-74.84354,0
45,13,-681.450875,-1447.0346,0
46,0,18.500116,155.41242499999998,0
46,1,351.99877000000004,-115.3511825,0
46,2,-106.2787,-209.125785,0
46,3,0.5460340000000006,-1198.7822999999999,0
46,4,121.31649,-1201.1698000000001,0
46,5,324.60785,-1119.9479000000001,0
46,6,261.87036,-1212.15215,0
46,7,193.81037,-1181.0321,0
46,8,-308.50067,-1286.79575,0
46,9,-158.0094,-1149.47515,0
46,10,-226.557525,-1152.40935,0
46,11,-429.093355,-1130.084,0
46,12,-362.23645,-75.07029800000001,0
46,13,-681.249225,-1447.1277,0
47,0,18.5277055,147.992355,0
47,1,351.9329,-114.808135,0
47,2,-102.7662125,-213.34296,0
47,3,-0.46900099999999956,-1198.3000499999998,0
47,4,121.55931,-1201.16555,0
47,5,324.59114,-1119.67555,0
47,6,261.85121,-1212.2224,0
47,7,193.931175,-1182.5992,0
47,8,-308.0224,-1290.0252500000001,0
47,9,-157.92397,-1149.42185,0
47,10,-226.65625,-1151.1416,0
47,11,-428.88495,-1129.66295,0
47,12,-379.80089999999996,-75.08004700000001,0
47,13,-683.33155,-1450.4270999999999,0
48,0,18.808655,146.83789000000002,0
48,1,351.964725,-113.605925,0
48,2,-100.720765,-219.489605,0
48,3,0.2142349999999995,-1197.2217,0
48,4,120.01405249999999,-1200.89775,0
48,5,324.48164499999996,-1119.8288,0
48,6,261.922675,-1212.5392499999998,0
48,7,199.22223,-1180.6107499999998,0
48,8,-308.791385,-1289.0325,0
48,9,-158.109025,-1149.4384,0
48,10,-226.634055,-1150.38105,0
48,11,-428.65895,-1128.4023499999998,0
48,12,-379.748645,-74.24398049999999,0
48,13,-683.60205,-1452.28615,0
49,0,20.012132,146.34574,0
49,1,352.05733,-114.957375,0
49,2,-93.09550100000001,-216.207965,0
49,3,-0.9193834999999995,-1197.0381,0
49,4,120.551817,-1201.22395,0
49,5,324.588635,-1119.71305,0
49,6,261.97415,-1212.6086,0
49,7,194.239165,-1179.98765,0
49,8,-308.85726999999997,-1287.8999,0
49,9,-158.49126,-1148.98205,0
49,10,-226.53167,-1151.20625,0
49,11,-428.7104,-1128.6508,0
49,12,-379.85884,-74.97625,0
49,13,-683.30657,-1450.49365,0
50,0,22.3033995,146.74776500000002,0
50,1,351.944235,-114.92658,0
50,2,-91.39728,-223.544625,0
50,3,-0.7204484999999998,-1197.0704500000002,0
50,4,119.38562,-1201.11645,0
50,5,324.4877,-1119.9618,0
50,6,261.851735,-1211.57055,0
50,7,193.82433500000002,-1184.1354999999999,0
50,8,-309.0269,-1285.7282,0
50,9,-158.770015,-1149.2616,0
50,10,-226.71995,-1150.9567499999998,0
50,11,-428.711345,-1127.81665,0
50,12,-381.59644,-73.297117,0
50,13,-683.032825,-1449.76515,0
51,0,24.138238,146.994405,0
51,1,352.11644,-115.0703675,0
51,2,-76.28896399999999,-224.07277,0
51,3,-0.39237900000000003,-1197.1422,0
51,4,119.086015,-1200.6852,0
51,5,324.476285,-1120.0354,0
51,6,261.829015,-1211.5931500000002,0
51,7,193.93232999999998,-1183.9129,0
51,8,-308.709655,-1290.2440000000001,0
51,9,-158.850585,-1148.6358500000001,0
51,10,-226.54332,-1151.08725,0
51,11,-428.676695,-1129.3733,0
51,12,-379.9747,-75.07457500000001,0
51,13,-682.7399,-1450.6872,0
52,0,24.722521999999998,149.87618,0
52,1,352.09650999999997,-114.90427249999999,0
52,2,-80.2309975,-229.756325,0
52,3,-1.5125335,-1197.0041999999999,0
52,4,118.87471,-1200.85525,0
52,5,324.48718499999995,-1119.79995,0
52,6,261.83696,-1211.6249,0
52,7,194.464385,-1182.7798,0
52,8,-308.931115,-1292.17535,0
52,9,-158.58589,-1147.6577,0
52,10,-226.64186999999998,-1151.0176999999999,0
52,11,-428.82338,-1129.47575,0
52,12,-381.45635000000004,-73.10185,0
52,13,-682.5253299999999,-1449.1922,0
53,0,26.068509999999996,151.01579500000003,0
53,1,352.026665,-114.700895,0
53,2,-90.61206250000001,-245.31003,0
53,3,-1.6824590000000006,-1196.48585,0
53,4,118.177895,-1200.58695,0
53,5,324.452675,-1120.1226,0
53,6,261.7649,-1211.01915,0
53,7,193.88091500000002,-1183.0025,0
53,8,-308.774675,-1289.0158000000001,0
53,9,-158.48345,-1147.6225,0
53,10,-226.643035,-1151.4027500000002,0
53,11,-428.84533999999996,-1128.53315,0
53,12,-379.669925,-72.94604749999999,0
53,13,-682.42705,-1451.30515,0
54,0,26.909492500000002,150.939435,0
54,1,352.0591,-115.03036499999999,0
54,2,-91.4819,-243.174195,0
54,3,-1.9148825,-1196.7005,0
54,4,118.689925,-1200.5733,0
54,5,324.59932,-1120.8644,0
54,6,261.736875,-1209.82315,0
54,7,194.09247,-1183.2601,0
54,8,-309.29521,-1290.2959,0
54,9,-158.563785,-1147.8836999999999,0
54,10,-226.75510000000003,-1151.3272499999998,0
54,11,-428.637195,-1128.4776,0
54,12,-381.39569,-72.845955,0
54,13,-682.8681,-1449.2648,0
55,0,27.5569835,148.79534999999998,0
55,1,352.13784999999996,-114.941978,0
55,2,-85.48729499999999,-226.748545,0
55,3,-1.9614270000000005,-1196.6888,0
55,4,118.564065,-1200.5661,0
55,5,324.50689,-1121.7950500000002,0
55,6,261.78307,-1209.6334000000002,0
55,7,194.20032,-1183.8661499999998,0
55,8,-308.871075,-1290.2961,0
55,9,-158.595965,-1147.5815,0
55,10,-226.71497499999998,-1151.07265,0
55,11,-428.7618,-1128.5327,0
55,12,-381.383375,-72.780452,0
55,13,-683.070405,-1450.0682499999998,0
56,0,28.9820525,147.27237,0
56,1,352.211785,-115.44803999999999,0
56,2,-71.903222,-230.12187,0
56,3,-1.2934867499999996,-1196.42365,0
56,4,118.547685,-1200.63345,0
56,5,324.83313,-1122.06335,0
56,6,261.97855500000003,-1205.9511499999999,0
56,7,199.6527,-1181.5488,0
56,8,-309.46338000000003,-1288.7729,0
56,9,-158.69155,-1148.13615,0
56,10,-226.73549,-1151.12025,0
56,11,-428.767915,-1128.38825,0
56,12,-379.58911,-72.6497,0
56,13,-682.91938,-1450.07235,0
57,0,31.55224285,147.885477,0
57,1,352.246885,-114.9582,0
57,2,-68.745347,-227.191305,0
57,3,-1.3167330000000002,-1196.58945,0
57,4,118.35260299999999,-1200.7927,0
57,5,324.90184,-1122.90675,0
57,6,261.36226999999997,-1202.3737999999998,0
57,7,200.00616000000002,-1180.9475499999999,0
57,8,-309.164155,-1288.7268,0
57,9,-158.61361499999998,-1148.16545,0
57,10,-226.80946999999998,-1151.0025,0
57,11,-428.879315,-1128.45965,0
57,12,-379.52902,-72.90245,0
57,13,-682.93125,-1449.8438999999998,0
58,0,34.176677000000005,148.302755,0
58,1,352.330665,-115.41667749999999,0
58,2,-69.397043,-243.70664,0
58,3,-1.4251345000000004,-1196.34165,0
58,4,118.37596500000001,-1200.82805,0
58,5,324.19044499999995,-1118.84015,0
58,6,261.068175,-1189.94095,0
58,7,200.03408000000002,-1181.09305,0
58,8,-309.063975,-1291.2719499999998,0
58,9,-158.50227,-1148.1368499999999,0
58,10,-226.801195,-1150.8928999999998,0
58,11,-428.84384,-1129.1493,0
58,12,-379.747955,-72.632187,0
58,13,-683.09655,-1450.54035,0
59,0,36.58640305,149.4613,0
59,1,352.294435,-115.41114999999999,0
59,2,-67.060105,-348.20922,0
59,3,-1.6058875000000006,-1195.47195,0
59,4,118.49917,-1201.0336,0
59,5,323.607105,-1115.51735,0
59,6,259.889895,-1181.1555,0
59,7,200.25965,-1178.0279,0
59,8,-309.10306,-1287.57745,0
59,9,-158.372805,-1148.25585,0
59,10,-226.82990999999998,-1151.13615,0
59,11,-428.88658,-1129.394,0
59,12,-379.62609999999995,-72.83543,0
59,13,-682.945775,-1450.039,0
60,0,39.479646,152.023125,0
60,1,352.13831000000005,-115.105235,0
60,2,-63.590469500000005,-351.80091500000003,0
60,3,-1.6828854999999998,-1195.6062499999998,0
60,4,118.49502,-1201.136,0
60,5,324.01556,-1118.1938,0
60,6,258.23208,-1173.0405,0
60,7,200.861935,-1175.52655,0
60,8,-309.43045,-1290.1405,0
60,9,-158.392085,-1148.2932500000002,0
60,10,-226.863975,-1151.5360999999998,0
60,11,-429.11888,-1130.1797000000001,0
60,12,-379.59283500000004,-72.80852,0
60,13,-683.0049300000001,-1450.31255,0
61,0,42.584893,151.7997725,0
61,1,352.37537999999995,-115.84507500000001,0
61,2,-49.769802,-356.92125,0
61,3,-1.8964027999999997,-1196.15095,0
61,4,118.498355,-1201.1073999999999,0
61,5,324.68579,-1121.43665,0
61,6,257.95139,-1168.024,0
61,7,200.01799,-1177.9895,0
61,8,-309.02781500000003,-1288.0295500000002,0
61,9,-158.252735,-1148.1469,0
61,10,-226.84221000000002,-1151.6756,0
61,11,-428.46245,-1127.3825499999998,0
61,12,-379.683985,-72.98737,0
61,13,-683.2817,-1451.83555,0
62,0,44.9906585,154.077385,0
62,1,352.26048000000003,-115.597845,0
62,2,-41.0263415,-295.18077,0
62,3,-2.5656429999999997,-1196.51755,0
62,4,118.38644,-1201.0221999999999,0
62,5,325.75835,-1125.8769,0
62,6,258.51257,-1156.99195,0
62,7,200.97532,-1178.21375,0
62,8,-309.50224000000003,-1288.85615,0
62,9,-158.5058,-1148.0956,0
62,10,-226.827855,-1151.96415,0
62,11,-428.50041999999996,-1127.2786999999998,0
62,12,-379.76709,-73.156462,0
62,13,-683.26622,-1452.21355,0
63,0,45.9252525,159.58778999999998,0
63,1,352.08110999999997,-114.74189999999999,0
63,2,-39.2543395,-305.96664999999996,0
63,3,-3.6789019,-1196.4363,0
63,4,118.35955,-1200.89595,0
63,5,325.64610500000003,-1126.2255,0
63,6,258.04375,-1142.9362,0
63,7,199.50876499999998,-1182.0561,0
63,8,-309.173065,-1288.2555,0
63,9,-158.39033,-1148.02295,0
63,10,-226.69256000000001,-1151.93165,0
63,11,-428.48655499999995,-1127.31305,0
63,12,-379.7045,-73.4073295,0
63,13,-682.7090450000001,-1450.45905,0
64,0,45.462146,157.18607,0
64,1,352.32446000000004,-115.57299699999999,0
64,2,-35.108442,-318.13203999999996,0
64,3,-3.4994859,-1197.7694000000001,0
64,4,118.24365,-1200.7809499999998,0
64,5,326.01755,-1126.8071,0
64,6,257.81253,-1137.06925,0
64,7,199.17952000000002,-1183.24735,0
64,8,-309.47745,-1289.11385,0
64,9,-158.394645,-1147.83565,0
64,10,-226.706925,-1151.9482,0
64,11,-428.489455,-1127.2074499999999,0
64,12,-379.69129,-73.394665,0
64,13,-682.67834,-1450.808,0
65,0,43.738418,162.515095,0
65,1,352.16622500000005,-114.6792175,0
65,2,-33.943490749999995,-322.70608500000003,0
65,3,-5.441629000000001,-1197.5664,0
65,4,118.247725,-1200.81255,0
65,5,325.74588,-1127.23155,0
65,6,257.439175,-1136.4106,0
65,7,198.606425,-1184.28385,0
65,8,-309.118655,-1282.65245,0
65,9,-158.49533,-1147.9012,0
65,10,-226.70033999999998,-1152.0941,0
65,11,-428.27735,-1126.3472499999998,0
65,12,-379.77374,-73.08867000000001,0
65,13,-682.783535,-1450.81245,0
66,0,41.9145345,170.681185,0
66,1,352.092285,-114.881955,0
66,2,-30.544249500000003,-309.80093,0
66,3,-7.5577681000000005,-1197.55485,0
66,4,118.24358,-1200.75545,0
66,5,325.967405,-1128.528,0
66,6,257.52353,-1137.7305999999999,0
66,7,198.74154,-1183.7359999999999,0
66,8,-309.25328,-1284.4656,0
66,9,-158.50017,-1148.01055,0
66,10,-226.70547,-1152.0678,0
66,11,-428.313035,-1126.6988000000001,0
66,12,-379.693935,-73.342715,0
66,13,-682.90327,-1451.00535,0
67,0,37.1669265,172.73551,0
67,1,352.16005,-114.562033,0
67,2,-41.653724,-315.627655,0
67,3,-9.7369468,-1194.93655,0
67,4,118.1157675,-1200.6563,0
67,5,325.715605,-1128.076,0
67,6,258.115095,-1137.9524000000001,0
67,7,198.24468000000002,-1185.01195,0
67,8,-309.33004500000004,-1289.06795,0
67,9,-158.64373999999998,-1148.1665,0
67,10,-226.84813,-1152.4556,0
67,11,-428.33238,-1125.9472,0
67,12,-379.6606,-73.12460999999999,0
67,13,-682.9958349999999,-1451.00375,0
68,0,30.601111000000003,169.52048,0
68,1,352.090735,-114.862888,0
68,2,-53.1813565,-332.866195,0
68,3,-11.218019850000001,-1194.92735,0
68,4,118.21757500000001,-1200.6648,0
68,5,325.79387999999994,-1127.9255,0
68,6,257.73088,-1136.87365,0
68,7,198.360725,-1184.13625,0
68,8,-309.46047,-1289.03405,0
68,9,-158.61800499999998,-1147.9755,0
68,10,-226.81841500000002,-1152.1554,0
68,11,-428.423795,-1127.2179500000002,0
68,12,-381.56579,-72.683265,0
68,13,-682.6201799999999,-1449.5523,0
69,0,22.622926149999998,173.16084999999998,0
69,1,352.25752,-115.0230875,0
69,2,-50.026996499999996,-390.58159,0
69,3,-11.34515885,-1196.46035,0
69,4,118.356445,-1200.713,0
69,5,325.66225,-1127.38735,0
69,6,257.67393,-1140.75415,0
69,7,198.4866,-1183.3099499999998,0
69,8,-308.961455,-1292.3068,0
69,9,-158.625625,-1148.1093500000002,0
69,10,-226.86064,-1152.3870000000002,0
69,11,-428.53795,-1126.6573,0
69,12,-381.60434999999995,-72.952017,0
69,13,-682.62805,-1449.8591000000001,0
70,0,14.8566605,185.84419,0
70,1,352.30278,-115.360352,0
70,2,-57.623990000000006,-352.88667,0
70,3,-13.416548299999999,-1196.93975,0
70,4,118.13526999999999,-1200.7143,0
70,5,325.63804500000003,-1127.46985,0
70,6,255.62334,-1153.66555,0
70,7,198.60856,-1183.1126,0
70,8,-308.79767000000004,-1291.2151,0
70,9,-158.62369,-1148.0094,0
70,10,-226.87192,-1152.57735,0
70,11,-428.407825,-1126.9745,0
70,12,-379.82275000000004,-73.375095,0
70,13,-682.512205,-1449.4977,0
71,0,7.2152195,200.32256999999998,0
71,1,352.17186000000004,-114.504865,0
71,2,-57.924261,-351.787795,0
71,3,-18.0845002,-1197.768,0
71,4,118.243847,-1200.70635,0
71,5,325.73168999999996,-1127.36745,0
71,6,255.866435,-1158.4466,0
71,7,198.374055,-1183.8114,0
71,8,-309.06118000000004,-1291.25875,0
71,9,-158.62339500000002,-1148.01465,0
71,10,-226.863685,-1152.71445,0
71,11,-428.4574,-1127.2489,0
71,12,-382.23499000000004,-73.64388,0
71,13,-682.4706000000001,-1448.9948,0
72,0,1.8285015000000016,205.81862,0
72,1,352.09004500000003,-114.61415,0
72,2,-63.791278,-354.056275,0
72,3,-20.6645555,-1197.48055,0
72,4,118.432073,-1200.4644,0
72,5,326.271335,-1127.4719,0
72,6,255.099985,-1157.7633,0
72,7,194.76242000000002,-1182.56495,0
72,8,-309.196275,-1289.2337,0
72,9,-158.624635,-1147.9718,0
72,10,-226.65771,-1151.734,0
72,11,-428.207115,-1126.8649,0
72,12,-376.03551500000003,-73.754245,0
72,13,-682.48638,-1449.0806,0
73,0,-2.152624999999997,210.247445,0
73,1,351.949845,-114.52922749999999,0
73,2,-81.9510675,-353.38379,0
73,3,-20.8332725,-1198.03135,0
73,4,118.563465,-1200.3685,0
73,5,326.11302,-1128.0147499999998,0
73,6,255.151175,-1158.46735,0
73,7,194.448555,-1183.0638,0
73,8,-309.113065,-1289.2537,0
73,9,-158.60074,-1148.3301999999999,0
73,10,-226.785915,-1152.6961000000001,0
73,11,-428.315125,-1126.3943,0
73,12,-359.79718,-73.8796925,0
73,13,-682.6459,-1448.9074,0
74,0,-3.064164999999999,214.24885,0
74,1,351.997495,-114.59508500000001,0
74,2,-73.663335,-385.38620000000003,0
74,3,-16.836831,-1197.902,0
74,4,119.299845,-1200.16885,0
74,5,326.14685,-1128.124,0
74,6,255.42906499999998,-1159.5549500000002,0
74,7,194.25960500000002,-1183.5579,0
74,8,-308.270505,-1286.5185999999999,0
74,9,-158.499575,-1148.2754,0
74,10,-227.36918,-1151.5714,0
74,11,-428.09998,-1126.344,0
74,12,-359.90294,-73.44045,0
74,13,-682.6313,-1449.24845,0
75,0,-2.9285260000000015,215.61651,0
75,1,352.14655000000005,-114.63323299999999,0
75,2,-91.186565,-347.47825,0
75,3,-22.103574000000002,-1197.97745,0
75,4,120.66125,-1200.1084,0
75,5,326.18579,-1128.4245500000002,0
75,6,255.54034,-1158.82805,0
75,7,194.06437,-1183.74365,0
75,8,-308.983915,-1289.47985,0
75,9,-158.60878,-1148.24015,0
75,10,-227.293165,-1149.85935,0
75,11,-428.196305,-1125.9429,0
75,12,-359.610915,-71.90021200000001,0
75,13,-682.5966249999999,-1449.2136,0
76,0,-3.9536165000000008,214.761655,0
76,1,352.2081,-115.44574499999999,0
76,2,-70.5576,-345.733665,0
76,3,-24.38245,-1197.26665,0
76,4,120.98033000000001,-1199.68105,0
76,5,326.28648499999997,-1128.22725,0
76,6,255.606855,-1158.66005,0
76,7,193.80434,-1184.4359,0
76,8,-309.14567,-1291.64795,0
76,9,-158.63139999999999,-1148.2074,0
76,10,-227.530775,-1152.7327500000001,0
76,11,-427.99334,-1125.89795,0
76,12,-347.65674,-71.57887,0
76,13,-682.8036500000001,-1450.0699,0
77,0,-5.745685499999999,214.21747499999998,0
77,1,352.165725,-115.3950275,0
77,2,-69.163781,-346.22861,0
77,3,-27.111836500000003,-1198.54565,0
77,4,120.879695,-1199.7771,0
77,5,326.00113999999996,-1127.83475,0
77,6,256.30168000000003,-1160.64205,0
77,7,193.779,-1186.21175,0
77,8,-309.411495,-1291.6129999999998,0
77,9,-159.038115,-1149.7328499999999,0
77,10,-227.30071,-1153.383,0
77,11,-428.021685,-1125.8629,0
77,12,-359.44377,-71.29198,0
77,13,-682.503325,-1448.7493,0
78,0,-9.6380885,208.88807,0
78,1,352.30324,-115.08347,0
78,2,-68.75848500000001,-340.868385,0
78,3,-26.848529,-1198.1148,0
78,4,121.55562699999999,-1199.99745,0
78,5,325.87715000000003,-1127.2060999999999,0
78,6,256.59781,-1161.66215,0
78,7,193.81997,-1186.9456500000001,0
78,8,-309.62384,-1301.37575,0
78,9,-158.56799,-1151.9290999999998,0
78,10,-226.47052000000002,-1149.5641500000002,0
78,11,-427.853485,-1125.7465,0
78,12,-359.49690499999997,-70.94241500000001,0
78,13,-682.487775,-1448.48075,0
79,0,-15.244208,207.35506,0
79,1,352.02168,-114.42667,0
79,2,-70.298895,-338.247575,0
79,3,-30.86711,-1198.8649,0
79,4,120.21696299999999,-1199.795,0
79,5,325.65088000000003,-1126.6794,0
79,6,256.442025,-1163.9841999999999,0
79,7,194.16562,-1189.32205,0
79,8,-310.01014499999997,-1301.96045,0
79,9,-158.95983,-1153.708,0
79,10,-230.15185000000002,-1161.2243,0
79,11,-427.57091,-1125.33815,0
79,12,-358.873865,-68.045095,0
79,13,-682.474155,-1448.0752499999999,0
80,0,-21.742117,203.707445,0
80,1,351.95427500000005,-114.3182325,0
80,2,-71.0664625,-352.94734000000005,0
80,3,-33.330802,-1197.0681,0
80,4,121.62198799999999,-1199.089,0
80,5,325.633545,-1126.4337500000001,0
80,6,256.62280499999997,-1165.4399,0
80,7,194.078195,-1189.8771000000002,0
80,8,-309.86338,-1297.1363999999999,0
80,9,-156.492885,-1156.1272,0
80,10,-231.20812,-1158.36115,0
80,11,-427.88939,-1126.0262,0
80,12,-372.26514,-65.738775,0
80,13,-682.5377,-1448.6558,0
81,0,-28.4412075,198.22379999999998,0
81,1,352.07825,-114.5930225,0
81,2,-70.640327,-357.53366,0
81,3,-31.847103,-1199.9812000000002,0
81,4,121.65848499999998,-1198.91955,0
81,5,325.619185,-1125.8372,0
81,6,257.272995,-1165.89655,0
81,7,193.74128,-1189.26135,0
81,8,-310.96124499999996,-1289.0005,0
81,9,-160.42228,-1166.62855,0
81,10,-232.165405,-1162.52095,0
81,11,-427.10949500000004,-1128.0027,0
81,12,-372.185075,-64.90468,0
81,13,-682.75368,-1449.5649,0
82,0,-35.251717,191.86012499999998,0
82,1,352.052585,-113.74119999999999,0
82,2,-70.76392999999999,-356.65716999999995,0
82,3,-32.1422865,-1198.19155,0
82,4,121.6990075,-1198.8201,0
82,5,325.51053,-1125.9773,0
82,6,257.10791,-1165.82685,0
82,7,193.31421,-1188.6098499999998,0
82,8,-309.94255,-1298.0819999999999,0
82,9,-161.70292,-1180.00795,0
82,10,-232.393775,-1163.94785,0
82,11,-426.42131500000005,-1128.5913,0
82,12,-373.99548500000003,-65.321505,0
82,13,-682.56555,-1449.14945,0
83,0,-41.491253,190.198595,0
83,1,352.058015,-114.04069,0
83,2,-68.986638,-331.115175,0
83,3,-27.1327935,-1196.95845,0
83,4,122.35406699999999,-1198.56785,0
83,5,325.631335,-1125.7822,0
83,6,257.13833999999997,-1166.1191,0
83,7,193.5043,-1191.096,0
83,8,-310.655045,-1297.55895,0
83,9,-162.888755,-1193.1728,0
83,10,-232.05991999999998,-1164.6100999999999,0
83,11,-426.674165,-1124.4424,0
83,12,-374.27475000000004,-66.40414999999999,0
83,13,-682.54813,-1449.26165,0
84,0,-46.9217625,195.53237000000001,0
84,1,352.034805,-113.989475,0
84,2,-71.46043499999999,-363.22656,0
84,3,-29.0849625,-1311.6299,0
84,4,121.66149,-1198.30505,0
84,5,325.64018,-1126.0567,0
84,6,257.049255,-1166.34815,0
84,7,193.63869,-1188.8492999999999,0
84,8,-310.26665,-1300.2039,0
84,9,-163.93017,-1194.8262,0
84,10,-231.29922499999998,-1166.7357,0
84,11,-427.422515,-1126.6417999999999,0
84,12,-374.242525,-66.10256749999999,0
84,13,-682.8312,-1449.5336000000002,0
85,0,-50.16154,202.51825,0
85,1,352.04677,-113.899415,0
85,2,-72.08558500000001,-379.84882500000003,0
85,3,-26.879232,-1200.049,0
85,4,121.7245675,-1198.4971,0
85,5,325.15896499999997,-1125.7273,0
85,6,256.980455,-1167.2559,0
85,7,194.18051,-1191.0232,0
85,8,-309.85257,-1303.1277,0
85,9,-161.2668,-1194.09995,0
85,10,-231.72100999999998,-1166.0504,0
85,11,-425.962,-1124.96825,0
85,12,-373.912815,-65.81341499999999,0
85,13,-682.863475,-1450.3708000000001,0
86,0,-52.8180115,205.634015,0
86,1,351.83206,-112.26653999999999,0
86,2,-71.191385,-370.31757000000005,0
86,3,-29.7195515,-1201.2268,0
86,4,121.92226500000001,-1197.6842000000001,0
86,5,325.24388,-1125.5517,0
86,6,256.775435,-1165.3999,0
86,7,194.461295,-1190.18235,0
86,8,-309.931975,-1298.1724,0
86,9,-161.085305,-1194.25,0
86,10,-231.455555,-1164.3404500000001,0
86,11,-425.88491,-1123.68335,0
86,12,-373.973345,-65.95602,0
86,13,-682.5075999999999,-1449.36115,0
87,0,-54.5520915,206.2852,0
87,1,352.04409,-113.477455,0
87,2,-73.220927,-410.664965,0
87,3,-31.901788500000002,-1203.7489,0
87,4,123.458925,-1198.0076,0
87,5,325.01571,-1125.83625,0
87,6,256.24106,-1166.67165,0
87,7,194.051,-1188.49775,0
87,8,-309.669375,-1296.55275,0
87,9,-163.53219,-1194.9158499999999,0
87,10,-231.95151,-1163.7680500000001,0
87,11,-425.80667500000004,-1125.47335,0
87,12,-373.82180500000004,-65.581582,0
87,13,-682.805625,-1449.5898499999998,0
88,0,-55.343851,203.07909999999998,0
88,1,351.88289,-113.331233,0
88,2,-72.93566000000001,-410.27067999999997,0
88,3,-43.536125,-1204.9747499999999,0
88,4,125.11157299999999,-1197.40095,0
88,5,325.45637999999997,-1126.9456,0
88,6,255.905575,-1167.23705,0
88,7,195.0734,-1187.18965,0
88,8,-309.47934,-1300.9985000000001,0
88,9,-160.812285,-1196.7956,0
88,10,-232.37852500000002,-1163.49855,0
88,11,-425.91023,-1126.5325,0
88,12,-373.12941,-65.9794,0
88,13,-682.39905,-1448.4807500000002,0
89,0,-55.2006875,197.93743999999998,0
89,1,351.578735,-112.76648700000001,0
89,2,-71.62044499999999,-419.43381,0
89,3,-39.316872000000004,-1203.6098000000002,0
89,4,125.3758725,-1196.7176,0
89,5,325.37993500000005,-1126.8350500000001,0
89,6,256.12765,-1166.93305,0
89,7,194.121445,-1190.15785,0
89,8,-309.337695,-1292.0185000000001,0
89,9,-164.91879,-1196.32575,0
89,10,-232.629725,-1161.6933,0
89,11,-426.33011,-1126.7203,0
89,12,-377.70378000000005,-66.841955,0
89,13,-683.332865,-1450.4517,0
90,0,-54.2679285,193.022885,0
90,1,351.33536000000004,-111.96678,0
90,2,-70.6314675,-426.647435,0
90,3,-49.559186999999994,-1200.8584,0
90,4,128.008535,-1298.93275,0
90,5,325.39301,-1126.97405,0
90,6,255.917505,-1167.05795,0
90,7,193.93532499999998,-1189.19825,0
90,8,-309.237,-1294.89595,0
90,9,-163.48102,-1195.99815,0
90,10,-232.537755,-1161.33745,0
90,11,-426.33898,-1125.74285,0
90,12,-377.8367,-66.8480725,0
90,13,-683.183475,-1450.3636999999999,0
91,0,-52.95306000000001,188.409155,0
91,1,351.494375,-112.4288525,0
91,2,-69.9429275,-434.025495,0
91,3,-53.254515999999995,-1200.1972,0
91,4,127.30736,-1293.59785,0
91,5,325.33374,-1126.69475,0
91,6,254.727105,-1165.45045,0
91,7,193.93353000000002,-1188.14185,0
91,8,-309.80834,-1290.11985,0
91,9,-164.10657500000002,-1195.95245,0
91,10,-232.091205,-1160.6626999999999,0
91,11,-426.35217,-1127.38785,0
91,12,-376.36760000000004,-66.854095,0
91,13,-683.22233,-1450.81425,0
92,0,-51.3893275,186.121375,0
92,1,351.61688000000004,-113.000497,0
92,2,-69.3244425,-447.305345,0
92,3,-44.685201,-1204.72635,0
92,4,125.93132500000002,-1290.31865,0
92,5,325.16184,-1126.58405,0
92,6,255.426485,-1165.45615,0
92,7,193.948565,-1187.675,0
92,8,-310.56300999999996,-1284.20605,0
92,9,-161.14136,-1196.2588,0
92,10,-231.18232,-1162.2902,0
92,11,-426.197135,-1125.0812999999998,0
92,12,-375.19762000000003,-66.944158,0
92,13,-683.01757,-1450.06635,0
93,0,-50.153776,187.343745,0
93,1,351.51364,-113.389835,0
93,2,-68.95908,-455.67364499999996,0
93,3,-66.060187,-1202.5898,0
93,4,127.169925,-1286.01925,0
93,5,325.317865,-1126.63615,0
93,6,255.4433,-1163.25415,0
93,7,194.092545,-1188.56945,0
93,8,-311.35490500000003,-1287.0663,0
93,9,-160.91958,-1195.7915,0
93,10,-231.875275,-1159.8587499999999,0
93,11,-426.65238,-1126.87845,0
93,12,-374.63706,-66.5639475,0
93,13,-682.71245,-1448.69205,0
94,0,-49.146962,193.12488000000002,0
94,1,351.47264,-112.868925,0
94,2,-68.525088,-461.12459,0
94,3,-44.480843,-1202.2862,0
94,4,127.24435249999999,-1281.6141499999999,0
94,5,325.335115,-1126.7124,0
94,6,255.00894,-1161.3497,0
94,7,193.63871,-1189.875,0
94,8,-311.00772500000005,-1289.85905,0
94,9,-160.9403,-1194.97635,0
94,10,-232.43527,-1159.88465,0
94,11,-426.432495,-1127.3139,0
94,12,-374.560605,-67.017615,0
94,13,-682.98312,-1449.842,0
95,0,-48.7141075,197.20099499999998,0
95,1,351.504165,-112.92326700000001,0
95,2,-68.99226250000001,-469.41334,0
95,3,-56.618128,-1203.11455,0
95,4,127.32789749999999,-1275.2733,0
95,5,325.203265,-1126.03005,0
95,6,255.07844,-1160.5665,0
95,7,193.31994500000002,-1187.8931,0
95,8,-311.411465,-1291.3877499999999,0
95,9,-162.962,-1195.42855,0
95,10,-233.14318,-1159.8964,0
95,11,-425.642915,-1123.9601499999999,0
95,12,-374.67094,-66.94611499999999,0
95,13,-683.4095,-1452.7458,0
96,0,-48.424237,200.781555,0
96,1,351.702365,-112.847955,0
96,2,-69.50331,-485.8404,0
96,3,-62.0495115,-1204.46475,0
96,4,128.47684,-1287.3007499999999,0
96,5,325.32855,-1126.51195,0
96,6,254.518045,-1161.20805,0
96,7,193.168015,-1183.6594,0
96,8,-311.23978,-1290.54315,0
96,9,-164.03520500000002,-1195.5843,0
96,10,-233.222575,-1159.57125,0
96,11,-425.84814,-1125.3546999999999,0
96,12,-375.048,-66.81058999999999,0
96,13,-683.66758,-1454.2927,0
97,0,-49.195378000000005,204.093955,0
97,1,351.753775,-113.25596999999999,0
97,2,-70.708707,-507.167985,0
97,3,-82.153702,-1205.4814000000001,0
97,4,128.96445,-1285.1972,0
97,5,325.52285500000005,-1127.29205,0
97,6,254.32669,-1163.54825,0
97,7,198.09062,-1185.57915,0
97,8,-311.463745,-1289.85635,0
97,9,-160.93497,-1195.54245,0
97,10,-233.08362499999998,-1160.54205,0
97,11,-425.77117999999996,-1123.70845,0
97,12,-374.590595,-67.4351,0
97,13,-683.1969,-1450.83835,0
98,0,-51.314178,202.86943,0
98,1,351.7079,-113.26135,0
98,2,-71.489767,-518.7120199999999,0
98,3,-82.23925700000001,-1205.72065,0
98,4,128.46031,-1285.44985,0
98,5,325.501345,-1126.78205,0
98,6,254.422515,-1163.15845,0
98,7,193.234075,-1186.55755,0
98,8,-310.62530000000004,-1290.72345,0
98,9,-160.181275,-1194.5783000000001,0
98,10,-233.123175,-1159.9795,0
98,11,-425.326215,-1122.3171,0
98,12,-374.79621499999996,-67.53224,0
98,13,-683.36264,-1451.7058499999998,0
