frame,numero_pers,max_x,max_y,min_x,min_y,est_joueur
0,0,701.863,570.532,550.993,400.18,1
0,1,780.249,135.702,740.994,25.9382,0
0,2,1150.42,441.335,1062.4,304.06,0
0,3,905.65,190.525,862.53,55.4497,0
0,4,272.806,159.157,225.777,27.9439,0
0,5,137.662,415.774,90.6648,325.759,0
0,6,974.168,196.382,929.062,69.1349,0
0,7,846.861,116.092,805.65,68.9776,0
0,8,94.5306,71.079,55.2901,5.34552,0
0,9,607.871,415.892,509.838,290.489,1
0,10,523.544,170.953,478.546,59.2772,0
0,11,458.85,184.664,413.794,59.2904,0
0,12,400.123,114.125,337.452,5.35359,0
1,0,701.838,568.68,551.021,400.157,1
1,1,780.249,135.705,740.994,25.9476,0
1,2,1150.42,441.329,1062.39,304.056,0
1,3,903.649,192.473,858.598,55.3653,0
1,4,272.834,161.145,225.785,27.9314,0
1,5,137.665,415.774,90.6587,327.659,0
1,6,972.262,196.42,929.076,69.136,0
1,8,94.5512,71.0846,55.2937,5.34546,0
1,7,844.903,116.02,805.694,69.0314,0
1,10,523.528,202.281,478.549,59.2705,0
1,9,605.842,415.91,509.833,290.499,1
1,11,458.856,190.509,413.772,59.2972,0
1,12,400.118,114.147,337.465,5.3561,0
2,1,780.26,135.675,740.992,25.9546,0
2,0,698.007,570.553,551.006,400.176,1
2,2,1150.41,441.329,1062.39,304.066,0
2,3,901.7,192.447,860.528,55.3272,0
2,4,272.802,159.154,225.78,27.9148,0
2,5,137.649,415.756,90.6569,333.503,0
2,6,974.139,198.371,929.064,69.1364,0
2,8,94.5472,71.0824,55.295,5.34562,0
2,7,844.89,114.167,805.732,69.0494,0
2,9,605.869,415.915,509.83,290.504,1
2,11,456.996,145.478,413.795,59.305,0
2,10,523.512,120.044,478.571,59.2726,0
2,12,400.125,114.11,337.453,5.3529,0
3,0,697.883,570.569,550.993,400.159,1
3,1,780.247,135.665,740.987,25.9593,0
3,2,1150.41,441.329,1062.39,304.058,0
3,4,270.883,159.164,225.774,26.0593,0
3,3,901.681,192.49,860.522,55.3403,0
3,5,137.631,415.757,90.6574,323.847,0
3,6,974.156,198.364,929.057,69.1389,0
3,7,844.915,116.024,805.691,69.0109,0
3,8,94.5504,71.0831,55.2963,5.34565,0
3,9,605.841,415.88,509.836,290.504,1
3,10,523.524,202.292,478.554,59.2686,0
3,11,457.006,190.52,413.791,59.3041,0
3,12,400.112,114.129,337.453,5.35334,0
4,0,697.907,570.627,549.067,400.213,1
4,1,780.257,135.655,740.989,25.96,0
4,2,1150.41,441.335,1062.39,304.06,0
4,3,901.705,180.712,858.612,55.4024,0
4,4,270.826,161.156,225.763,26.0321,0
4,6,974.163,196.444,929.086,69.138,0
4,5,137.635,415.766,90.6584,323.856,0
4,10,523.557,196.416,478.554,59.2567,0
4,7,844.925,115.992,805.674,69.0054,0
4,8,94.552,71.0819,55.2996,5.34566,0
4,9,605.875,415.869,509.839,290.517,1
4,11,458.868,188.569,413.788,59.2917,0
4,12,400.121,114.113,337.449,5.35291,0
5,1,780.242,135.649,740.989,25.9581,0
5,0,696.047,570.623,549.08,402.127,1
5,2,1150.41,441.33,1062.39,304.06,0
5,4,272.781,161.164,225.761,26.0307,0
5,3,901.731,178.735,860.584,55.4057,0
5,6,974.151,196.443,929.067,69.1247,0
5,5,137.664,415.796,90.6573,323.802,0
5,10,523.532,210.166,478.531,59.2444,0
5,8,94.5516,71.0769,55.2981,5.34551,0
5,7,844.899,114.167,805.681,69.0382,0
5,9,607.81,415.871,509.839,290.523,1
5,11,458.854,190.536,413.772,59.2915,0
5,12,398.271,114.105,337.463,5.35341,0
6,1,780.23,135.656,740.981,25.9594,0
6,2,1150.41,441.329,1062.39,304.07,0
6,0,697.877,570.624,550.98,404.127,1
6,4,270.862,161.133,225.763,26.0249,0
6,3,901.738,178.779,860.552,55.4003,0
6,6,974.151,196.385,929.084,69.1047,0
6,5,137.667,415.804,90.6567,323.81,0
6,10,523.542,149.416,478.553,59.2627,0
6,7,846.819,116.002,805.663,69.0314,0
6,8,96.4528,71.0602,55.2936,5.34527,0
6,9,607.847,415.88,509.841,290.52,1
6,11,458.866,188.585,413.777,59.2967,0
6,12,400.12,114.128,337.454,5.35314,0
7,1,780.235,133.787,740.984,25.9617,0
7,2,1150.41,441.33,1062.4,304.064,0
7,0,697.938,570.62,550.981,406.051,1
7,3,901.78,178.799,860.56,55.4051,0
7,4,270.859,163.049,225.774,25.9879,0
7,6,974.152,196.41,929.094,69.1145,0
7,5,137.671,415.821,90.6563,323.808,0
7,10,523.53,206.189,478.542,59.2466,0
7,8,94.5588,71.0594,55.2939,5.34515,0
7,7,846.808,115.988,805.668,69.0246,0
7,9,607.83,415.877,509.84,290.521,1
7,11,458.863,192.465,413.772,59.2939,0
7,12,398.269,114.122,337.46,5.35334,0
8,1,778.351,133.787,740.984,25.9545,0
8,2,1150.41,441.332,1062.39,304.066,0
8,3,901.792,178.755,862.537,55.3782,0
8,4,268.914,161.087,225.778,25.9783,0
8,0,697.931,570.606,551,408.002,1
8,10,523.54,202.278,478.548,57.4013,0
8,6,974.152,196.397,929.1,69.1253,0
8,5,137.679,415.841,90.6559,323.807,0
8,7,846.841,115.993,805.656,68.9962,0
8,9,607.826,415.876,509.834,290.523,1
8,8,94.5447,71.0575,55.2907,5.34506,0
8,11,458.862,200.325,413.782,59.2917,0
8,12,398.257,114.133,337.456,5.35456,0
9,1,780.211,133.785,740.975,25.9559,0
9,2,1150.41,441.333,1062.39,304.065,0
9,3,903.626,178.826,862.496,55.3698,0
9,4,268.908,159.178,225.775,25.9559,0
9,0,697.929,570.596,551.041,409.937,1
9,5,137.675,415.831,90.6576,323.808,0
9,6,974.147,196.409,929.092,69.1208,0
9,10,523.526,153.317,478.555,59.2516,0
9,7,846.843,116.022,805.649,68.9965,0
9,8,94.5509,71.0604,55.294,5.34504,0
9,9,607.81,415.865,509.84,290.524,1
9,11,458.866,190.513,413.782,59.2956,0
9,12,398.265,114.131,337.456,5.35429,0
10,1,780.224,133.783,740.964,25.9559,0
10,2,1150.41,441.329,1062.38,304.07,0
10,3,903.63,192.446,862.512,55.3561,0
10,4,270.819,161.092,225.766,25.959,0
10,0,697.937,570.591,552.92,409.968,1
10,10,523.547,210.132,474.623,57.397,0
10,5,137.668,415.83,90.6585,323.811,0
10,6,974.165,196.467,929.065,69.1056,0
10,7,846.867,116.058,805.633,69.0008,0
10,8,94.5486,71.0608,55.2922,5.34511,0
10,9,607.807,415.866,509.844,290.526,1
10,11,458.862,198.391,411.913,59.2875,0
10,12,398.262,114.15,337.449,5.35437,0
11,1,780.259,133.785,740.966,25.9576,0
11,2,1150.42,441.329,1062.38,304.062,0
11,0,697.931,570.583,552.942,409.99,1
11,3,907.612,192.482,860.546,55.3831,0
11,4,266.952,159.186,225.764,25.9487,0
11,5,137.667,415.827,90.6591,323.811,0
11,6,974.165,198.349,929.059,69.1029,0
11,10,523.52,196.411,478.553,59.2501,0
11,7,846.834,116.039,805.647,69.0207,0
11,8,94.5514,71.0609,55.2922,5.34515,0
11,9,605.937,415.872,509.839,290.529,1
11,11,458.868,190.499,413.779,59.296,0
11,12,398.261,114.134,337.47,5.35706,0
12,1,780.252,133.775,740.968,25.9566,0
12,2,1150.42,441.328,1062.38,304.062,0
12,0,697.939,570.587,552.916,409.982,1
12,3,909.532,147.383,860.527,55.4119,0
12,4,268.879,157.192,225.765,25.9404,0
12,10,523.537,194.453,478.549,57.3998,0
12,5,137.664,415.823,90.6582,323.811,0
12,6,974.156,196.426,929.058,69.1042,0
12,7,846.828,115.981,805.641,69.0238,0
12,8,94.5528,71.0626,55.2929,5.34519,0
12,9,605.923,415.867,509.838,290.537,1
12,11,458.87,196.423,413.788,59.287,0
12,12,398.268,114.139,337.459,5.35769,0
13,2,1150.41,441.331,1062.39,304.059,0
13,1,780.261,133.774,740.966,25.9533,0
13,4,270.818,153.288,225.766,25.9386,0
13,3,911.48,180.722,858.632,55.3905,0
13,0,697.944,570.602,552.923,409.959,1
13,10,523.538,200.339,478.548,57.4018,0
13,5,137.665,415.836,90.6627,323.8,0
13,6,974.162,196.428,929.056,69.1036,0
13,7,846.811,115.975,805.657,69.0226,0
13,8,94.5522,71.0697,55.2938,5.34514,0
13,11,458.872,198.382,413.793,59.2833,0
13,9,605.923,415.867,509.835,290.527,1
13,12,400.12,114.152,337.447,5.35721,0
14,2,1150.41,441.332,1062.4,304.067,0
14,1,780.25,133.78,740.965,25.9513,0
14,3,911.475,180.713,858.646,55.3894,0
14,0,697.923,570.611,551.036,409.965,1
14,4,270.817,155.25,225.758,24.1364,0
14,10,523.535,198.372,478.547,57.3978,0
14,5,137.666,415.837,90.6587,323.797,0
14,6,974.161,196.422,929.055,69.104,0
14,7,846.822,115.975,805.657,69.0147,0
14,8,94.5494,71.0695,55.2938,5.34523,0
14,11,458.87,198.362,413.794,59.2822,0
14,9,605.939,415.864,509.832,290.525,1
14,12,400.121,114.152,337.453,5.35633,0
15,1,780.258,133.775,740.966,25.9517,0
15,2,1150.41,441.332,1064.27,304.06,0
15,4,268.919,155.266,225.759,25.9364,0
15,3,911.494,145.436,858.648,55.3893,0
15,0,697.885,570.625,552.905,409.918,1
15,5,137.667,415.839,90.6588,323.797,0
15,6,974.167,196.438,929.059,69.105,0
15,7,844.924,114.167,805.664,69.0286,0
15,8,94.5468,71.0732,55.2952,5.34527,0
15,10,523.523,147.439,478.553,59.2592,0
15,9,605.934,415.869,509.83,290.525,1
15,11,458.878,184.645,413.817,59.2925,0
15,12,400.146,114.133,337.452,5.35216,0
16,2,1150.41,441.333,1064.27,304.061,0
16,1,780.261,133.785,740.966,25.9506,0
16,0,696.04,570.626,551.03,408.012,1
16,4,270.815,157.216,225.756,25.9368,0
16,3,911.452,180.745,860.593,55.3894,0
16,10,523.536,210.139,476.569,57.3986,0
16,5,137.666,415.855,90.6412,323.834,0
16,6,974.168,196.397,929.045,69.1112,0
16,7,846.841,116.007,805.662,69.0508,0
16,8,94.5469,71.0776,55.2954,5.34533,0
16,11,458.87,198.372,413.802,59.2863,0
16,9,605.938,415.884,509.833,290.526,1
16,12,400.128,114.157,337.453,5.35505,0
17,2,1150.41,441.333,1064.27,304.06,0
17,1,782.182,133.786,740.967,25.9546,0
17,0,696.014,570.633,552.907,406.053,1
17,4,270.858,159.185,225.764,24.1281,0
17,3,905.609,190.557,862.475,55.3892,0
17,5,137.658,415.856,90.6423,325.697,0
17,6,974.168,196.465,927.198,69.1054,0
17,10,523.529,202.279,478.547,59.2495,0
17,7,846.85,116.027,805.662,69.0589,0
17,8,94.547,71.0788,55.2973,5.34543,0
17,9,605.941,415.87,509.835,290.531,1
17,11,458.874,188.572,413.804,59.2853,0
17,12,400.132,114.149,337.44,5.35402,0
18,2,1150.41,441.334,1064.27,304.066,0
18,1,782.182,133.788,740.964,25.9591,0
18,3,903.73,180.72,860.573,55.3848,0
18,4,270.83,159.146,225.768,24.1292,0
18,0,696.017,572.491,552.931,404.101,1
18,5,137.672,415.867,90.6418,323.783,0
18,6,974.167,198.348,927.194,69.1066,0
18,10,523.526,208.147,478.547,59.2472,0
18,7,846.836,115.991,805.663,69.0621,0
18,8,94.5428,71.0798,55.2991,5.34537,0
18,11,458.883,190.516,413.813,59.2852,0
18,9,607.82,415.868,509.834,290.525,1
18,12,400.135,114.139,337.437,5.3529,0
19,2,1150.41,441.333,1064.28,304.062,0
19,1,782.161,133.797,740.965,25.9542,0
19,4,270.848,159.144,225.774,24.1318,0
19,3,905.619,180.742,860.565,55.3861,0
19,0,696.002,570.674,552.928,402.2,1
19,5,137.67,415.855,90.6491,323.786,0
19,6,974.176,198.364,927.193,69.108,0
19,10,523.53,151.355,478.553,59.2489,0
19,7,846.844,116.007,805.648,69.0521,0
19,8,94.5562,71.087,55.3071,5.34529,0
19,11,458.88,186.617,413.8,59.2778,0
19,9,607.852,415.877,509.833,290.517,1
19,12,400.136,114.135,337.443,5.35597,0
20,1,780.254,133.777,740.965,25.9557,0
20,2,1150.41,443.187,1064.29,304.061,0
20,4,270.871,159.188,225.775,24.13,0
20,0,695.996,570.676,552.953,402.155,1
20,3,907.59,190.537,860.578,55.4136,0
20,5,137.681,415.852,90.6575,323.793,0
20,6,974.203,198.35,929.044,69.1065,0
20,10,523.529,200.325,478.547,57.3977,0
20,7,846.866,116.037,805.632,69.0321,0
20,9,607.857,415.872,509.835,290.512,1
20,11,458.88,198.379,413.811,59.2796,0
20,8,94.5518,71.0705,55.3055,5.34513,0
20,12,400.137,114.109,337.46,5.35568,0
21,1,782.161,133.792,740.966,25.9598,0
21,2,1150.41,441.335,1064.27,304.064,0
21,0,696.005,572.499,552.946,402.14,1
21,4,270.817,153.311,225.782,24.1347,0
21,3,907.601,192.476,860.576,55.4084,0
21,5,137.682,415.859,90.6582,323.795,0
21,6,974.188,198.366,927.2,69.1088,0
21,10,523.53,198.372,478.542,57.4036,0
21,7,846.855,116.044,805.625,69.0425,0
21,11,458.871,198.377,413.802,59.2759,0
21,8,94.5449,71.0621,55.315,5.34491,0
21,9,607.866,415.881,509.834,290.514,1
21,12,400.132,116.015,337.45,5.35806,0
22,1,782.168,133.792,740.969,25.9567,0
22,2,1150.41,441.335,1062.4,304.068,0
22,0,696.014,572.525,552.949,402.14,1
22,3,907.606,192.468,860.569,55.4107,0
22,4,270.835,157.235,225.785,24.1348,0
22,5,137.683,415.854,90.6587,323.794,0
22,6,974.182,198.395,929.046,69.1071,0
22,10,523.532,196.421,478.552,57.3998,0
22,7,846.84,116.041,805.639,69.0452,0
22,11,458.871,196.432,413.802,59.2788,0
22,8,94.5379,71.0595,55.3083,5.34467,0
22,9,607.861,415.878,509.837,290.529,1
22,12,400.139,116.014,337.458,5.35815,0
23,1,782.174,135.651,740.969,25.9591,0
23,2,1150.41,441.339,1064.27,304.051,0
23,0,696.02,572.518,554.853,402.16,1
23,4,268.92,155.26,225.789,24.1234,0
23,3,907.581,192.48,860.57,55.4117,0
23,5,137.684,415.855,90.6501,323.823,0
23,6,974.183,196.466,929.047,69.109,0
23,10,523.519,202.297,478.549,57.404,0
23,7,846.833,116.031,805.632,69.0484,0
23,11,458.873,188.584,413.799,59.2802,0
23,8,94.5316,71.0544,55.3047,5.34472,0
23,9,607.857,415.88,509.84,290.53,1
23,12,400.137,114.148,337.455,5.35784,0
24,1,780.266,135.652,740.966,25.9647,0
24,2,1150.41,443.186,1064.28,304.05,0
24,4,268.922,155.279,225.782,24.1208,0
24,0,696.041,570.674,554.883,402.151,1
24,3,907.585,180.808,862.478,55.4161,0
24,5,137.68,415.833,90.6467,325.725,0
24,6,974.185,198.364,927.198,69.1075,0
24,10,523.515,149.388,478.556,59.2475,0
24,7,846.847,116.023,805.629,69.0377,0
24,8,94.5289,71.0607,55.3118,5.34489,0
24,11,458.875,186.606,413.807,59.2831,0
24,9,607.849,415.871,509.836,290.529,1
24,12,400.15,114.115,337.452,5.35621,0
25,1,782.195,133.809,740.966,25.9703,0
25,2,1150.41,443.186,1064.28,304.052,0
25,4,266.945,153.294,225.783,24.1192,0
25,3,907.585,180.821,860.579,55.4155,0
25,0,696.049,570.679,554.889,402.119,1
25,5,137.67,415.843,90.6457,325.714,0
25,6,974.187,198.348,927.196,69.1013,0
25,10,523.548,202.289,478.541,57.3951,0
25,11,458.874,186.621,413.818,59.277,0
25,8,94.5318,71.0747,55.3317,5.34581,0
25,9,607.829,415.844,509.846,290.525,1
25,7,846.831,116.006,805.648,68.9928,0
25,12,400.149,114.097,337.473,5.35378,0
26,1,782.163,135.661,740.965,25.9706,0
26,2,1150.41,441.337,1064.28,304.063,0
26,0,697.882,570.686,551.046,400.215,1
26,4,266.959,153.32,225.785,24.1213,0
26,3,907.579,182.735,860.561,55.4133,0
26,5,137.689,415.849,90.6473,323.802,0
26,6,974.186,198.353,927.193,69.1085,0
26,10,523.511,147.456,478.562,59.2507,0
26,8,94.556,71.0966,55.3411,5.34539,0
26,11,458.873,182.712,413.825,59.2858,0
26,9,607.827,415.847,509.846,290.527,1
26,12,400.155,114.102,337.463,5.35309,0
26,7,846.84,116.019,805.673,68.9823,0
27,1,782.205,135.652,740.967,25.9721,0
27,2,1150.41,441.337,1064.27,304.056,0
27,0,697.9,570.665,551.014,400.104,1
27,4,268.891,153.308,225.781,24.123,0
27,3,907.59,182.751,858.627,55.3982,0
27,5,137.664,415.82,90.6493,323.836,0
27,6,974.188,196.468,927.194,69.1001,0
27,10,523.522,204.245,478.546,57.4022,0
27,8,96.4729,71.1,55.3384,5.34474,0
27,9,607.824,415.826,509.852,290.531,1
27,11,458.87,198.375,413.81,59.2777,0
27,12,400.142,114.094,337.467,5.35518,0
27,7,846.825,116.015,805.728,68.9639,0
28,1,782.158,135.654,740.973,25.9641,0
28,0,697.898,570.606,551.03,398.278,1
28,2,1150.41,441.336,1064.28,304.063,0
28,4,268.882,153.312,225.781,25.9362,0
28,3,905.65,180.823,862.513,55.4006,0
28,5,137.659,415.814,90.6465,323.784,0
28,6,974.199,200.314,927.187,69.0928,0
28,7,846.852,116.014,805.628,67.1493,0
28,8,96.4873,71.1081,55.3306,5.3441,0
28,10,523.504,147.423,478.558,59.2469,0
28,9,605.938,415.84,509.855,290.523,1
28,11,458.877,186.611,413.808,59.2819,0
28,12,400.15,114.135,337.447,5.35558,0
29,1,782.158,135.693,740.973,25.9661,0
29,0,697.934,570.653,554.898,398.202,1
29,2,1150.41,443.187,1064.28,304.062,0
29,4,266.959,153.333,225.777,24.1399,0
29,3,907.562,192.46,862.501,55.4131,0
29,5,139.571,415.795,90.6462,325.708,0
29,6,974.196,198.363,927.187,69.0965,0
29,7,846.861,116.016,805.614,67.1409,0
29,10,523.517,157.219,478.549,59.2449,0
29,8,96.4982,71.0958,55.332,5.34403,0
29,11,458.876,186.608,413.795,59.2799,0
29,9,607.856,415.871,509.862,290.534,1
29,12,400.138,114.124,337.461,5.35573,0
30,1,782.182,135.676,740.977,25.9703,0
30,0,697.931,570.658,554.879,398.286,1
30,2,1150.41,443.192,1064.27,304.063,0
30,4,266.962,153.337,225.777,25.9363,0
30,3,905.665,180.806,862.525,55.4214,0
30,5,139.57,415.809,90.6464,323.808,0
30,6,974.197,196.467,927.189,69.0961,0
30,10,523.538,200.34,478.534,57.3949,0
30,7,846.864,116.003,805.621,67.1426,0
30,8,96.4906,71.104,55.3321,5.34421,0
30,11,458.886,188.581,413.788,59.2737,0
30,9,607.826,415.878,509.863,290.538,1
30,12,400.137,114.135,337.455,5.3568,0
31,1,782.174,135.693,740.973,25.9684,0
31,2,1150.41,443.196,1064.28,304.054,0
31,4,268.888,153.327,225.777,25.9374,0
31,0,697.879,570.64,554.867,398.227,1
31,3,907.555,180.811,862.528,55.42,0
31,5,139.57,415.812,90.6495,325.691,0
31,6,974.192,198.362,927.189,69.098,0
31,10,523.529,200.322,478.544,57.4051,0
31,7,846.854,115.998,805.617,67.1429,0
31,8,96.4867,71.0957,55.3273,5.34427,0
31,11,458.871,186.611,413.782,59.2792,0
31,9,605.894,415.906,509.862,290.532,1
31,12,400.135,114.102,337.467,5.35686,0
32,0,695.986,570.624,554.885,398.231,1
32,1,782.197,135.676,740.976,25.9663,0
32,2,1150.41,443.194,1064.28,304.058,0
32,4,266.966,151.388,225.775,25.9381,0
32,3,907.559,180.802,862.538,55.4123,0
32,5,139.576,415.83,90.6447,323.821,0
32,6,974.19,198.369,927.193,69.0982,0
32,7,846.856,115.989,805.619,67.1411,0
32,10,523.504,149.407,478.554,59.2433,0
32,8,96.5083,71.0945,55.3281,5.34425,0
32,9,605.902,415.925,509.873,290.51,1
32,11,458.87,186.624,413.786,59.2808,0
32,12,400.137,114.116,337.461,5.35602,0
32,13,22.0458,106.322,4.39244,53.3546,0
33,1,782.175,135.682,740.979,25.9661,0
33,0,695.993,570.608,554.86,398.129,1
33,2,1150.41,443.188,1064.28,304.053,0
33,4,268.879,153.323,225.777,25.9382,0
33,3,907.604,192.475,864.434,55.3919,0
33,5,139.605,415.804,90.6433,325.692,0
33,6,974.193,198.372,927.188,69.0988,0
33,8,96.4994,71.082,55.3222,5.34373,0
33,7,846.849,116,805.627,67.1315,0
33,10,523.505,147.444,478.556,59.2516,0
33,9,603.978,415.917,509.857,290.513,1
33,11,458.861,127.851,413.8,59.2784,0
33,12,400.145,114.134,337.443,5.35453,0
33,13,22.0172,104.388,4.39374,53.3094,0
34,1,782.18,135.68,740.979,25.9667,0
34,0,696.011,570.521,554.88,396.281,1
34,2,1150.41,443.187,1064.28,304.059,0
34,4,268.87,153.3,225.779,25.9404,0
34,3,909.511,192.471,864.458,55.3899,0
34,5,139.597,415.802,90.638,325.725,0
34,6,974.191,196.468,927.193,69.1025,0
34,8,96.5163,71.1163,55.3196,5.34375,0
34,10,523.512,147.417,478.555,59.2504,0
34,7,846.848,116,805.629,67.1316,0
34,9,603.942,415.935,509.845,290.485,1
34,11,458.871,182.704,413.792,59.2721,0
34,12,400.143,114.119,337.45,5.35377,0
34,13,22.0231,104.312,4.38424,51.4769,0
35,1,780.257,135.685,740.974,25.9663,0
35,0,699.879,568.604,554.961,392.334,1
35,2,1150.42,443.187,1064.28,304.052,0
35,4,270.819,151.376,225.782,25.941,0
35,3,907.611,192.48,864.482,55.3781,0
35,10,523.54,196.429,478.544,57.4016,0
35,5,141.542,415.807,90.6317,323.818,0
35,6,974.198,198.374,927.188,69.0994,0
35,7,846.861,116.015,805.636,67.1247,0
35,9,603.907,415.93,509.834,290.461,1
35,8,96.5104,71.1221,55.3261,5.34402,0
35,11,458.869,184.655,413.78,59.2689,0
35,12,400.13,116.054,337.445,5.35588,0
36,1,782.166,135.684,740.978,25.9602,0
36,0,699.895,566.646,554.908,388.417,1
36,4,268.884,153.307,225.786,25.9397,0
36,2,1150.41,443.192,1064.29,304.058,0
36,3,909.508,192.484,864.477,55.3666,0
36,5,141.551,415.813,90.6292,323.795,0
36,6,974.191,196.466,927.183,69.1009,0
36,10,523.511,145.466,478.558,59.2508,0
36,7,846.849,116.011,805.634,67.1301,0
36,9,603.967,415.912,509.839,290.421,1
36,8,96.5,72.9759,55.3303,5.34447,0
36,11,458.871,182.721,413.79,59.2763,0
36,12,400.144,114.134,337.448,5.35375,0
37,1,780.269,135.667,740.985,25.9555,0
37,0,699.926,564.724,551.026,388.384,1
37,2,1150.41,443.189,1064.29,304.057,0
37,4,270.822,151.38,225.787,25.9384,0
37,3,909.507,192.484,864.459,55.3641,0
37,5,141.548,415.807,90.6292,323.791,0
37,6,974.19,198.381,927.183,69.088,0
37,10,523.52,147.436,478.555,59.2478,0
37,9,605.878,415.903,509.842,288.569,1
37,7,846.844,116.017,805.633,67.1316,0
37,8,96.498,72.9696,55.3179,5.3444,0
37,11,458.869,182.703,413.789,59.2773,0
37,12,400.144,114.127,337.457,5.3541,0
38,1,782.171,135.669,740.983,25.9603,0
38,0,703.804,568.617,549.049,388.402,1
38,2,1150.41,443.192,1064.29,304.062,0
38,4,268.917,153.302,225.788,25.9353,0
38,3,907.606,192.467,864.456,55.3669,0
38,10,523.533,198.365,478.542,57.3959,0
38,5,141.548,415.81,90.6299,323.789,0
38,6,974.182,196.466,927.189,69.0899,0
38,8,96.513,72.987,55.3099,5.34324,0
38,7,846.837,116.01,805.637,67.1322,0
38,9,615.669,415.876,509.845,288.503,1
38,11,458.864,184.647,413.781,59.2748,0
38,12,400.14,114.133,337.463,5.35506,0
38,13,22.0766,112.179,4.38533,53.2814,0
39,1,782.178,135.666,740.986,25.9579,0
39,0,701.86,570.631,552.929,394.262,1
39,2,1150.41,443.191,1064.29,304.056,0
39,4,270.845,153.305,225.79,25.9347,0
39,3,909.505,192.475,864.459,55.3667,0
39,5,141.55,415.8,90.6274,323.761,0
39,10,523.51,194.458,478.556,59.2458,0
39,6,974.184,198.356,927.184,69.0875,0
39,8,98.4037,72.9769,55.3065,5.34291,0
39,9,615.617,415.839,509.855,288.488,1
39,7,846.839,116.014,805.634,67.1321,0
39,11,458.869,182.726,413.788,59.2766,0
39,12,400.15,116.038,337.448,5.35434,0
39,13,20.0806,84.7966,4.39595,51.4333,0
40,1,780.264,135.663,740.985,25.9556,0
40,0,699.947,572.529,552.997,398.117,1
40,2,1150.41,443.189,1064.29,304.059,0
40,3,907.609,192.453,864.472,55.3722,0
40,4,270.86,151.347,225.791,24.1427,0
40,5,141.546,415.832,90.6227,323.79,0
40,6,974.188,198.349,927.194,69.0943,0
40,10,523.524,147.453,478.555,57.4047,0
40,8,98.3987,71.1206,55.315,5.34333,0
40,7,846.85,116.012,805.639,67.1311,0
40,9,611.747,415.842,509.864,288.563,1
40,11,458.884,180.776,413.797,59.2759,0
40,12,400.155,114.125,337.456,5.35283,0
41,1,782.171,135.652,740.986,25.9541,0
41,2,1150.41,443.191,1064.29,304.053,0
41,3,909.52,192.445,864.472,55.3833,0
41,4,270.84,151.354,225.793,24.1426,0
41,0,698.045,572.659,554.902,400.133,1
41,5,141.535,415.809,90.6273,323.791,0
41,6,974.184,198.349,927.18,69.0948,0
41,9,611.766,415.859,509.839,288.489,1
41,8,96.4993,71.1166,55.3073,5.34272,0
41,10,523.504,120.002,478.564,59.257,0
41,7,846.854,116.011,805.642,67.1342,0
41,11,458.871,118.076,413.797,59.2843,0
41,12,400.152,112.185,337.476,5.3504,0
41,13,24.0019,114.097,4.38804,47.4894,0
42,1,782.168,135.653,740.987,25.9545,0
42,2,1150.41,443.191,1064.29,304.064,0
42,3,909.507,192.447,864.464,55.3899,0
42,4,270.831,151.335,225.791,24.1426,0
42,0,699.877,572.644,554.863,400.235,1
42,5,141.54,415.809,90.6245,323.788,0
42,6,974.187,196.46,927.184,69.094,0
42,9,617.554,415.876,509.838,288.455,1
42,10,523.508,147.454,478.56,59.2567,0
42,7,846.859,116.018,805.638,67.1353,0
42,8,96.4774,71.1096,55.3156,5.34377,0
42,11,458.869,180.764,413.797,59.2818,0
42,12,400.151,112.185,337.47,5.3513,0
43,1,780.265,135.656,740.986,25.9547,0
43,2,1150.41,443.192,1064.29,304.053,0
43,4,270.817,151.342,225.791,24.1428,0
43,3,909.521,192.461,864.456,55.3904,0
43,0,699.895,572.659,552.986,400.256,1
43,5,141.534,415.807,90.6292,323.791,0
43,10,523.53,202.287,478.547,57.405,0
43,9,615.67,415.855,509.849,288.386,1
43,6,974.182,196.461,927.182,69.095,0
43,7,846.856,116.02,805.626,67.1476,0
43,8,96.4691,71.1077,55.3158,5.34382,0
43,11,458.865,182.698,413.8,59.2786,0
43,12,400.143,114.11,337.458,5.35204,0
44,1,782.175,135.655,740.988,25.9523,0
44,2,1150.41,443.191,1064.29,304.059,0
44,4,270.827,151.365,225.79,24.1424,0
44,3,909.512,192.45,864.457,55.3966,0
44,0,699.937,572.617,554.863,400.097,1
44,9,617.669,415.795,509.852,286.51,1
44,5,141.531,415.819,90.6309,323.795,0
44,10,523.528,202.286,478.554,59.2508,0
44,6,974.188,196.458,927.184,69.095,0
44,8,96.508,71.0873,55.3169,5.34297,0
44,7,846.854,116.011,805.613,67.1464,0
44,11,458.865,182.703,413.796,59.2794,0
44,12,400.146,112.186,337.476,5.35488,0
44,13,5.37532,88.6353,5.34357,41.6985,0
45,1,782.161,135.656,740.984,25.9502,0
45,0,701.911,570.689,554.979,398.143,1
45,2,1150.41,443.192,1064.29,304.053,0
45,4,270.824,151.38,225.785,24.1422,0
45,3,909.514,192.458,864.43,55.3954,0
45,9,619.534,415.789,509.854,286.472,1
45,10,523.562,212.13,470.706,57.3847,0
45,5,139.636,415.807,90.6334,323.81,0
45,6,974.19,196.468,927.182,69.0917,0
45,8,96.4747,71.0815,55.3102,5.34347,0
45,7,846.835,116.019,805.61,67.1448,0
45,11,458.871,188.584,413.785,59.2706,0
45,12,400.126,114.115,337.474,5.35861,0
45,13,5.37546,104.337,4.40331,43.5719,0
46,1,782.167,135.652,740.982,25.9496,0
46,0,703.833,568.64,554.943,392.354,1
46,2,1150.41,443.191,1064.29,302.243,0
46,4,270.829,153.307,225.787,24.1414,0
46,3,909.51,192.467,864.43,55.3946,0
46,10,523.528,202.296,478.54,57.3996,0
46,9,617.66,413.966,509.859,282.582,1
46,5,139.631,415.804,90.6346,323.804,0
46,6,974.184,196.464,927.182,69.0908,0
46,7,846.825,116.035,805.602,67.1469,0
46,8,96.4609,71.0573,55.3194,5.34405,0
46,11,458.856,186.603,413.783,59.2756,0
46,12,400.131,112.183,337.489,5.3568,0
46,13,23.9764,90.6334,5.34692,43.6017,0
47,1,782.172,135.656,740.978,25.9477,0
47,0,705.755,566.661,556.879,390.377,1
47,2,1150.41,443.191,1064.29,304.052,0
47,4,270.865,153.328,225.782,24.1406,0
47,3,909.506,192.477,864.419,55.3913,0
47,9,619.536,415.775,509.862,278.673,1
47,5,139.628,415.807,90.6361,323.791,0
47,6,974.184,198.37,927.18,69.0886,0
47,10,523.519,149.398,478.552,59.2546,0
47,8,96.482,71.0403,55.3165,5.34342,0
47,7,846.831,116.042,805.613,67.138,0
47,11,458.86,184.654,413.796,59.2795,0
47,13,23.9514,90.6335,5.34128,41.6978,0
47,12,400.136,114.093,337.462,5.35243,0
48,1,782.165,135.665,740.977,25.9466,0
48,0,705.801,566.662,558.826,390.385,1
48,2,1150.42,443.193,1064.29,302.23,0
48,4,270.839,151.373,225.779,24.1413,0
48,3,907.614,192.476,864.442,55.3859,0
48,9,619.522,413.954,509.855,276.703,1
48,5,139.625,415.818,90.6338,323.802,0
48,10,523.514,149.384,478.555,59.2504,0
48,6,974.187,198.383,927.182,69.0782,0
48,8,96.4981,71.0168,55.3166,5.34314,0
48,7,846.828,116.052,805.64,68.9875,0
48,13,33.8305,118.093,5.34,39.8024,0
48,11,458.869,184.655,413.791,59.2755,0
48,12,400.139,112.161,337.477,5.35072,0
49,0,707.719,570.513,560.778,392.335,1
49,1,782.172,135.658,740.978,25.9553,0
49,2,1150.42,443.194,1064.29,302.234,0
49,4,270.837,153.309,225.785,24.1431,0
49,3,909.517,192.5,864.426,55.3823,0
49,9,619.542,415.775,509.844,274.779,1
49,5,139.625,415.803,90.634,323.781,0
49,6,974.169,198.403,927.182,69.0719,0
49,10,523.527,200.321,478.552,59.2535,0
49,8,96.498,71.0191,55.3283,5.3441,0
49,13,23.9967,98.495,4.38846,39.7495,0
49,7,846.839,116.061,805.651,68.965,0
49,11,458.858,180.771,413.818,59.2841,0
49,12,400.124,110.192,337.544,5.34793,0
50,1,780.27,135.67,740.972,25.9552,0
50,0,705.781,570.67,556.954,396.211,1
50,2,1150.42,443.194,1064.29,302.231,0
50,4,270.842,153.295,225.786,24.1427,0
50,3,909.524,192.51,864.426,55.3782,0
50,10,523.544,196.43,478.538,57.397,0
50,5,139.629,415.798,90.6317,323.773,0
50,6,974.168,198.389,927.176,69.0764,0
50,8,96.5073,71.0199,55.3183,5.34321,0
50,9,619.535,415.81,509.851,274.778,1
50,7,846.856,116.062,805.644,68.9737,0
50,13,23.9809,100.297,4.39141,39.7261,0
50,11,458.856,182.696,413.801,59.2765,0
50,12,400.148,112.194,337.481,5.34925,0
51,1,782.162,135.659,740.973,25.9589,0
51,0,705.757,572.497,556.963,398.21,1
51,2,1150.42,443.195,1064.29,302.231,0
51,4,270.83,153.297,225.782,24.1422,0
51,3,907.607,192.471,864.429,55.3819,0
51,9,617.631,415.785,509.841,274.704,1
51,5,139.63,415.795,90.631,323.763,0
51,6,974.162,198.394,927.184,69.0795,0
51,8,94.5547,71.0187,55.3088,5.34393,0
51,7,846.854,116.064,805.644,68.9589,0
51,11,458.86,180.751,413.822,59.2917,0
51,10,523.5,118.069,478.578,59.2896,0
51,12,400.164,114.133,337.457,5.35127,0
51,13,23.978,94.5544,4.38826,39.7021,0
52,1,782.17,135.653,740.97,25.962,0
52,0,705.802,572.539,556.956,400.09,1
52,2,1150.42,443.194,1064.3,302.238,0
52,4,270.84,153.298,225.783,24.1423,0
52,3,907.596,192.471,862.547,55.3814,0
52,5,139.63,415.797,90.6286,323.773,0
52,9,617.669,415.814,509.84,272.79,1
52,6,974.167,198.395,927.186,69.0835,0
52,7,846.857,116.08,805.649,68.9665,0
52,8,94.5195,71.0314,55.3061,5.34436,0
52,11,458.853,180.768,413.807,59.2953,0
52,12,400.17,114.08,337.485,5.35643,0
52,10,523.481,117.996,478.599,59.2845,0
53,1,782.161,133.808,740.967,25.9614,0
53,0,705.79,572.524,556.953,400.134,1
53,2,1150.42,443.193,1064.29,302.233,0
53,4,270.875,155.258,225.786,25.9464,0
53,3,907.591,192.479,862.534,55.3822,0
53,5,139.618,415.786,90.6331,323.792,0
53,9,619.557,415.852,509.87,270.807,1
53,6,974.165,198.394,927.186,69.0799,0
53,10,523.521,143.504,478.563,59.2664,0
53,7,846.87,116.085,805.638,67.1433,0
53,8,94.5223,71.0189,55.2976,5.34422,0
53,11,458.864,180.744,413.795,59.2817,0
53,12,400.156,114.076,337.504,5.35617,0
53,13,24.0107,100.324,4.3921,39.6144,0
54,1,780.267,135.657,740.967,25.9592,0
54,0,705.8,572.53,556.947,400.14,1
54,2,1150.42,443.192,1064.29,302.226,0
54,4,270.859,153.326,225.785,25.9458,0
54,3,907.585,192.48,862.536,55.3807,0
54,5,139.618,415.776,90.6337,323.777,0
54,9,619.549,415.83,509.863,266.963,1
54,10,523.56,194.464,478.544,59.2568,0
54,6,974.162,198.402,927.184,69.0762,0
54,7,846.865,116.064,805.637,67.1359,0
54,8,94.5328,71.0151,55.3087,5.34479,0
54,11,458.866,180.752,413.792,59.2774,0
54,12,400.151,114.131,337.497,5.35688,0
54,13,24.0203,94.5411,4.3958,37.7674,0
54,12,386.495,114.102,353.131,69.0948,0
55,1,782.154,133.808,740.967,25.9649,0
55,0,705.763,572.518,556.962,400.126,1
55,2,1150.42,443.191,1064.29,302.23,0
55,4,270.873,153.333,225.784,25.9471,0
55,3,907.591,192.473,862.534,55.3798,0
55,5,139.616,415.776,90.6326,323.779,0
55,6,974.168,198.383,927.183,69.0767,0
55,7,846.876,116.073,805.628,67.1362,0
55,8,96.4503,70.9762,55.3342,5.34548,0
55,10,523.513,118.085,478.567,59.2799,0
55,9,621.594,413.953,509.875,263.04,1
55,11,458.868,180.737,413.806,59.2852,0
55,13,24.0901,100.4,4.38996,35.7932,0
55,12,400.164,114.097,337.481,5.35501,0
56,1,780.258,135.647,740.968,25.9731,0
56,0,705.777,572.546,556.956,398.274,1
56,2,1150.42,443.193,1064.3,302.233,0
56,4,270.867,153.33,225.785,25.9456,0
56,3,907.592,192.47,862.546,55.3785,0
56,5,139.616,415.771,90.6323,323.788,0
56,6,974.17,198.4,927.184,69.0746,0
56,10,523.535,194.449,478.557,59.261,0
56,7,848.761,116.072,805.625,67.1481,0
56,9,619.606,413.896,509.841,259.16,1
56,8,96.4895,70.9905,55.349,5.34569,0
56,11,458.873,180.756,413.8,59.2798,0
56,13,24.0438,100.375,4.38479,37.7291,0
56,12,400.157,114.086,337.498,5.3561,0
57,1,780.25,135.648,739.121,25.9743,0
57,0,705.812,572.574,556.952,398.197,1
57,2,1150.42,443.19,1064.29,304.046,0
57,4,272.766,157.21,225.786,25.948,0
57,3,907.577,192.467,862.545,55.3853,0
57,5,139.611,415.771,90.6294,323.829,0
57,10,523.559,190.529,478.557,59.2559,0
57,6,974.177,198.393,927.183,69.0723,0
57,7,848.753,116.07,805.623,67.1487,0
57,9,623.527,413.89,507.983,257.151,1
57,8,98.433,71.0135,55.3636,5.34499,0
57,13,24.0812,114.124,4.3887,37.67,0
57,11,458.877,180.745,413.802,59.2713,0
57,12,400.161,114.093,337.487,5.35379,0
58,0,705.815,572.556,556.978,398.195,1
58,1,780.264,135.651,739.116,25.9808,0
58,2,1150.42,443.19,1064.29,302.238,0
58,4,270.855,153.327,225.782,25.9452,0
58,3,907.579,192.481,864.419,55.386,0
58,5,139.602,415.76,90.6286,325.739,0
58,6,974.172,198.352,927.184,69.0762,0
58,10,523.56,192.492,478.55,59.2589,0
58,7,848.753,116.075,805.625,68.9749,0
58,13,24.0642,114.098,4.38374,35.7389,0
58,9,621.541,413.849,505.904,257.158,1
58,8,98.4235,71.0198,55.3505,5.34459,0
58,11,458.87,180.763,413.798,59.2746,0
58,12,400.161,112.189,337.499,5.35583,0
59,1,780.257,135.647,739.12,25.9748,0
59,0,705.811,572.544,558.827,398.188,1
59,2,1150.42,443.189,1064.29,304.046,0
59,3,907.606,194.405,862.548,55.3841,0
59,4,270.872,155.274,225.783,25.9439,0
59,5,139.601,415.757,90.6289,325.74,0
59,6,974.177,200.314,927.179,69.0728,0
59,10,523.554,192.456,478.556,59.2586,0
59,7,848.755,116.093,805.619,68.9619,0
59,13,24.0787,100.346,4.38298,33.7697,0
59,8,98.4162,71.0015,55.3327,5.34431,0
59,11,458.881,180.757,413.8,59.2775,0
59,9,584.305,411.884,500.058,257.104,1
59,12,400.172,112.171,337.509,5.3554,0
60,1,780.261,133.797,739.117,25.9866,0
60,0,705.815,572.55,558.828,398.197,1
60,2,1150.42,443.191,1064.29,304.045,0
60,3,907.55,190.558,862.548,55.3863,0
60,4,270.862,155.271,225.784,25.9441,0
60,10,523.587,206.199,470.708,57.3981,0
60,5,139.611,415.759,90.612,325.766,0
60,6,974.176,196.467,927.192,69.081,0
60,7,848.759,116.074,805.619,68.9841,0
60,8,98.4481,71.0227,55.3331,5.34408,0
60,13,24.0916,100.358,4.38439,33.7595,0
60,11,458.881,196.418,413.78,59.2679,0
60,9,615.651,411.912,494.189,245.371,1
60,12,400.147,114.139,337.489,5.35954,0
61,1,780.261,133.798,739.125,25.9826,0
61,0,707.704,572.559,558.825,398.187,1
61,2,1150.43,443.187,1064.28,302.236,0
61,4,272.76,155.272,225.783,25.9477,0
61,3,907.578,192.496,862.544,55.3857,0
61,10,523.607,206.169,476.568,57.3895,0
61,5,139.609,415.76,90.611,325.763,0
61,6,974.156,196.438,927.191,69.0805,0
61,7,848.755,116.089,805.614,68.9909,0
61,8,98.455,71.0419,55.35,5.34445,0
61,11,458.867,194.476,413.785,59.2736,0
61,9,605.894,409.979,492.228,241.555,1
61,13,24.1235,78.8465,20.0304,35.7129,0
61,12,400.151,114.104,337.522,5.36052,0
61,13,29.9072,116.026,4.3811,33.8045,0
61,12,388.395,116.02,351.223,69.039,0
62,1,780.251,133.798,739.119,25.9844,0
62,0,707.711,572.561,558.837,398.161,1
62,2,1150.43,443.196,1064.3,302.233,0
62,4,272.756,155.27,225.783,25.9483,0
62,3,907.571,192.484,862.549,55.3868,0
62,10,523.609,200.337,474.62,57.394,0
62,5,139.607,415.76,90.6109,325.764,0
62,6,974.156,196.464,927.189,69.0664,0
62,7,848.759,116.094,805.607,68.9864,0
62,8,98.4095,71.0413,55.339,5.34511,0
62,9,603.836,409.947,490.278,241.449,1
62,11,458.862,192.496,413.783,59.2827,0
62,12,400.157,114.125,337.532,5.3582,0
62,13,25.961,78.8829,21.9496,35.7764,0
62,14,5.36044,61.2693,5.33463,37.6465,0
62,12,388.426,116.072,351.158,69.0358,0
62,15,29.8776,104.366,4.39616,86.6554,0
63,0,707.711,572.582,556.982,398.169,1
63,1,780.244,133.809,739.117,25.9748,0
63,2,1150.42,443.196,1064.3,302.207,0
63,4,272.774,157.227,225.79,25.949,0
63,3,905.648,192.471,862.545,55.3809,0
63,10,523.606,194.487,476.549,57.3942,0
63,5,139.609,415.758,90.6116,325.764,0
63,6,972.254,196.464,927.193,69.0757,0
63,7,848.76,116.09,805.604,68.9849,0
63,8,98.4474,71.0477,55.3268,5.34464,0
63,11,458.866,192.47,413.783,59.28,0
63,9,599.974,415.845,484.404,241.532,1
63,12,400.161,114.112,337.542,5.3576,0
63,13,25.9751,102.371,4.40488,35.7145,0
63,11,388.431,116.05,351.179,69.0521,0
64,1,780.249,133.808,739.118,25.9722,0
64,2,1150.42,443.195,1064.3,302.215,0
64,0,707.715,572.59,556.945,398.19,1
64,4,272.764,155.271,225.79,25.9483,0
64,3,907.55,192.506,862.543,55.3778,0
64,10,523.605,194.477,470.702,57.3982,0
64,5,139.61,415.761,90.6123,325.759,0
64,6,974.141,198.393,927.197,69.0688,0
64,7,848.754,116.099,805.605,68.9851,0
64,9,590.254,413.862,480.513,243.421,1
64,8,98.416,71.045,55.2993,5.34421,0
64,11,458.85,178.773,413.804,59.304,0
64,12,400.174,114.106,337.533,5.35708,0
64,13,24.1033,106.306,4.39269,35.6946,0
64,11,390.342,114.156,351.213,69.0779,0
65,1,780.262,133.803,739.119,25.9856,0
65,2,1150.42,443.197,1064.3,302.203,0
65,0,707.716,572.596,556.948,396.179,1
65,4,270.875,155.256,225.791,25.9435,0
65,3,905.664,192.49,862.549,55.3848,0
65,5,139.591,415.752,90.6223,327.684,0
65,6,974.147,198.388,927.195,69.0715,0
65,9,586.245,431.519,478.511,245.413,1
65,10,523.533,120.039,478.548,59.2674,0
65,7,846.878,116.074,805.622,68.9898,0
65,8,98.4259,71.065,55.2989,5.34479,0
65,11,458.87,116.06,413.829,59.3072,0
65,12,400.18,112.197,337.489,5.35605,0
65,13,24.0772,84.7389,5.33976,35.7232,0
65,12,390.347,112.154,353.122,69.1351,0
66,1,780.258,133.801,739.117,25.9831,0
66,2,1150.42,443.2,1064.3,302.2,0
66,0,707.725,572.589,556.939,392.324,1
66,4,272.756,155.282,225.788,25.9442,0
66,3,907.555,192.494,862.542,55.3981,0
66,10,523.584,200.319,470.695,57.3904,0
66,5,139.595,415.752,90.6244,327.692,0
66,9,582.349,429.499,476.64,249.283,1
66,6,974.143,198.398,927.193,69.0702,0
66,7,848.748,116.081,805.62,68.9785,0
66,8,98.4134,71.0524,55.3314,5.34693,0
66,11,458.863,180.76,413.798,59.2873,0
66,12,400.162,114.101,337.514,5.35566,0
66,13,24.1,84.7098,5.34581,35.7378,0
66,12,388.433,114.132,351.227,69.102,0
67,1,780.265,133.799,739.118,25.9793,0
67,2,1150.42,443.2,1064.3,302.212,0
67,0,707.731,572.575,558.848,386.495,1
67,4,272.769,155.27,225.785,25.9469,0
67,3,907.555,192.492,862.543,55.4053,0
67,10,523.591,198.402,472.636,57.3936,0
67,9,576.53,423.662,476.599,247.382,1
67,5,139.602,415.757,90.6202,329.63,0
67,6,974.144,198.4,927.195,69.0705,0
67,7,846.877,116.07,805.625,68.9776,0
67,11,458.864,180.748,413.811,59.2951,0
67,8,96.5108,71.0636,55.3587,5.34772,0
67,12,400.163,114.094,337.525,5.35678,0
67,13,24.1172,84.7069,5.34291,35.7254,0
67,12,390.345,114.138,351.23,69.0992,0
68,1,782.163,133.805,739.118,25.9844,0
68,2,1150.42,443.201,1064.31,302.22,0
68,0,707.726,572.564,558.887,384.469,1
68,4,272.764,155.277,225.786,25.9402,0
68,3,907.565,192.451,862.547,55.4134,0
68,9,574.591,413.856,476.581,247.341,1
68,10,523.578,194.502,470.688,57.3985,0
68,5,139.586,415.756,90.6248,331.557,0
68,6,974.148,198.403,927.193,69.07,0
68,7,848.757,116.073,805.627,68.9753,0
68,8,98.3931,71.0875,55.3968,5.34663,0
68,11,458.869,178.8,413.797,59.2979,0
68,12,400.162,114.129,337.521,5.35656,0
68,13,25.9739,84.7017,4.39236,35.7726,0
68,11,390.355,116.033,351.205,69.0741,0
69,0,707.736,572.569,558.856,382.617,1
69,1,780.267,133.807,739.119,25.9876,0
69,2,1150.42,443.201,1064.31,302.209,0
69,4,272.769,157.213,225.785,25.9472,0
69,3,907.571,192.469,864.43,55.3976,0
69,9,576.513,411.911,476.578,243.473,1
69,10,523.566,190.527,478.524,59.2509,0
69,5,139.596,413.959,90.6193,329.662,0
69,6,974.15,200.307,927.189,69.0869,0
69,7,848.748,116.071,805.627,68.9789,0
69,8,96.4753,71.0873,55.3805,5.34693,0
69,11,458.872,180.74,413.793,59.3017,0
69,12,400.161,114.108,337.507,5.35622,0
69,13,27.9364,84.6947,4.38986,35.7434,0
69,12,388.436,114.098,353.094,69.1132,0
70,0,707.72,572.522,564.742,382.467,1
70,1,780.248,133.808,739.117,25.9827,0
70,2,1150.42,443.196,1064.3,302.192,0
70,3,907.559,192.472,864.435,55.3908,0
70,4,270.866,155.274,225.786,25.947,0
70,9,574.603,411.929,476.567,243.471,1
70,5,139.595,413.953,90.6323,327.704,0
70,6,974.138,200.318,927.189,69.1077,0
70,10,523.527,192.456,474.617,59.2645,0
70,7,848.766,116.065,805.635,68.9778,0
70,8,96.4659,71.0462,55.3971,5.34716,0
70,12,400.15,112.131,337.548,5.35155,0
70,11,458.87,116.108,413.827,59.3151,0
70,13,29.9258,100.465,4.38451,35.6966,0
71,1,780.256,133.799,739.12,25.9865,0
71,0,705.804,572.501,566.689,382.485,1
71,2,1150.42,443.202,1064.31,302.21,0
71,4,272.759,155.272,225.784,25.9471,0
71,3,907.551,192.458,864.444,55.3892,0
71,9,578.477,411.913,476.579,243.518,1
71,6,974.136,198.409,927.191,69.104,0
71,10,523.542,190.51,476.586,59.2655,0
71,5,139.614,415.758,90.6238,327.664,0
71,7,848.768,116.055,805.64,68.9806,0
71,12,400.139,112.159,337.548,5.35141,0
71,8,96.4823,71.0491,55.4045,5.3471,0
71,11,458.86,180.751,413.859,59.3202,0
71,13,31.8466,102.397,5.33894,35.7535,0
72,0,707.776,568.664,566.684,382.492,1
72,1,780.243,133.808,739.116,25.9846,0
72,2,1150.42,443.201,1064.31,302.222,0
72,4,272.775,157.231,225.784,25.9426,0
72,3,907.557,192.469,864.443,55.3889,0
72,9,556.915,411.877,476.613,245.37,1
72,10,523.572,186.609,476.57,59.2553,0
72,5,139.611,413.96,90.6373,325.729,0
72,6,972.25,198.399,927.2,69.124,0
72,7,848.781,116.076,805.629,68.968,0
72,12,400.156,114.138,337.506,5.35189,0
72,8,96.5116,71.021,55.4072,5.34633,0
72,11,458.854,178.792,413.836,59.3155,0
72,15,35.6792,86.7417,5.33554,35.7238,0
73,1,780.245,133.81,739.114,25.9855,0
73,2,1150.42,443.209,1064.3,302.219,0
73,0,711.663,568.654,568.589,382.61,1
73,4,272.773,157.213,225.786,25.9446,0
73,3,905.659,192.497,864.436,55.3869,0
73,9,554.928,411.843,476.58,243.36,1
73,10,523.557,188.556,478.538,59.2646,0
73,6,972.241,200.319,927.199,69.1293,0
73,5,137.678,415.76,90.6293,325.741,0
73,7,848.791,116.095,805.626,67.149,0
73,12,400.139,114.077,337.538,5.35149,0
73,8,98.3971,71.0543,55.4134,5.34603,0
73,11,458.85,178.81,413.826,59.3195,0
73,13,31.8612,82.759,5.33908,37.6026,0
74,1,780.246,133.805,739.115,25.9827,0
74,0,717.581,568.622,568.658,384.401,1
74,2,1150.41,443.201,1064.3,302.221,0
74,4,272.774,157.228,225.786,25.9428,0
74,3,905.663,192.486,864.43,55.386,0
74,10,523.583,190.532,478.506,59.2501,0
74,5,137.689,415.759,90.6268,325.75,0
74,9,554.94,411.865,478.451,247.348,1
74,6,972.251,200.321,927.199,69.1273,0
74,12,398.276,108.248,339.468,5.35024,0
74,7,848.779,116.086,805.628,68.9609,0
74,8,98.3885,71.0623,55.4126,5.34591,0
74,11,458.863,176.828,413.829,59.3134,0
74,13,33.8049,84.6962,5.33596,35.7667,0
75,1,780.248,133.799,739.115,25.9855,0
75,0,727.307,568.635,568.644,384.411,1
75,2,1150.41,443.204,1064.3,302.224,0
75,4,272.782,157.245,225.787,25.9415,0
75,3,905.655,192.501,864.42,55.3867,0
75,10,523.55,192.455,478.517,59.2553,0
75,9,554.919,411.846,478.474,247.378,1
75,5,137.668,415.758,90.6336,325.758,0
75,6,972.257,200.313,927.195,69.1324,0
75,7,848.779,116.087,805.629,68.9642,0
75,12,398.261,104.388,339.444,5.34504,0
75,8,98.3809,71.0671,55.4349,5.34741,0
75,11,458.859,174.87,411.914,59.3134,0
75,13,37.6062,102.356,4.39437,35.7335,0
76,1,780.25,133.81,739.113,25.9851,0
76,2,1150.41,443.203,1064.3,302.224,0
76,0,727.374,568.671,568.626,384.436,1
76,4,272.789,157.234,225.785,25.9426,0
76,3,907.551,192.508,862.546,55.3878,0
76,10,523.559,194.427,478.531,59.259,0
76,5,137.689,415.759,90.6363,327.685,0
76,6,972.244,198.411,929.044,69.1337,0
76,12,398.281,108.249,339.395,5.34684,0
76,7,848.776,116.088,805.625,68.9634,0
76,9,556.863,411.927,476.645,257.08,1
76,8,100.326,71.0891,55.432,5.34583,0
76,11,458.855,178.779,413.833,59.3172,0
76,13,37.6414,102.401,4.39769,35.7353,0
77,1,780.249,135.649,739.112,25.9837,0
77,2,1150.41,443.189,1064.29,302.215,0
77,0,727.4,568.597,570.541,384.403,1
77,4,270.873,159.186,225.785,25.9459,0
77,3,905.651,192.493,862.541,55.3866,0
77,10,523.558,192.49,474.612,59.252,0
77,9,558.911,411.863,478.579,261.133,1
77,5,137.683,413.954,90.6307,331.558,0
77,6,972.246,198.39,929.055,69.1246,0
77,7,848.777,116.091,805.627,68.9641,0
77,8,98.3917,71.1071,55.42,5.34626,0
77,12,398.257,106.311,339.467,5.35168,0
77,11,458.854,182.702,413.846,59.3216,0
77,13,37.7062,114.105,4.38426,35.7306,0
78,0,727.36,564.72,570.632,382.472,1
78,1,780.25,133.804,739.113,25.9764,0
78,2,1150.41,443.188,1064.28,302.207,0
78,3,905.652,192.503,862.537,55.3892,0
78,4,270.867,161.117,225.799,24.1269,0
78,10,523.581,200.325,478.539,59.2481,0
78,5,137.678,413.955,90.6348,333.51,0
78,6,972.247,198.41,929.053,69.1264,0
78,9,570.624,413.806,482.479,270.78,1
78,7,848.769,116.078,805.628,68.9668,0
78,8,96.5065,71.0813,55.4079,5.34687,0
78,11,458.848,180.753,413.808,59.3277,0
78,12,398.257,114.164,337.539,5.36366,0
78,13,37.7385,114.098,4.38912,35.6947,0
79,0,727.321,558.854,572.61,380.574,1
79,1,780.251,135.646,739.113,25.9761,0
79,2,1150.4,443.199,1062.39,302.203,0
79,4,270.863,159.205,225.798,24.1323,0
79,3,905.657,194.399,862.541,55.3867,0
79,10,523.579,210.1,472.639,57.3958,0
79,5,137.657,413.944,90.6454,333.532,0
79,9,572.578,409.93,490.294,274.739,1
79,6,972.242,198.413,929.063,69.108,0
79,7,848.771,116.101,805.626,68.9691,0
79,8,96.4943,71.0729,55.3973,5.34743,0
79,11,457.004,186.604,413.824,61.219,0
79,13,37.7824,84.6827,5.33782,33.8397,0
79,12,398.214,116.073,337.523,5.37086,0
80,0,727.401,556.991,586.344,378.61,1
80,1,780.251,133.813,739.111,25.9771,0
80,2,1150.41,443.195,1062.4,302.188,0
80,4,270.836,161.127,225.8,24.1333,0
80,3,905.639,192.499,862.539,55.3889,0
80,10,523.544,204.258,478.544,57.3933,0
80,5,137.661,415.752,90.6343,329.635,0
80,6,972.237,198.392,929.063,69.1208,0
80,9,570.644,413.887,494.231,276.714,1
80,7,848.775,116.082,805.628,68.9697,0
80,8,96.4934,71.064,55.3824,5.34631,0
80,11,457.007,178.783,413.853,61.2064,0
80,13,39.6201,110.2,4.38551,33.814,0
80,12,394.28,116.1,339.446,5.36362,0
81,0,729.247,556.905,611.771,378.583,1
81,1,780.244,135.651,739.117,25.968,0
81,2,1150.41,443.187,1064.28,302.228,0
81,4,268.903,161.137,225.8,24.1323,0
81,3,905.65,194.397,864.418,55.3916,0
81,10,523.56,210.081,478.548,57.4042,0
81,9,568.621,374.725,505.904,274.817,1
81,5,139.599,415.758,90.6424,327.676,0
81,6,972.258,200.309,929.069,69.1189,0
81,7,848.777,116.088,805.634,67.1416,0
81,8,98.4069,71.0729,55.3937,5.34551,0
81,11,458.849,198.368,411.898,61.2348,0
81,13,39.6437,84.7351,4.38435,33.8261,0
81,12,390.354,116.033,337.54,5.37848,0
82,1,780.248,135.647,739.117,25.9712,0
82,2,1150.42,441.336,1062.39,302.189,0
82,0,737.149,560.828,629.384,378.58,1
82,4,270.824,159.171,225.8,24.1285,0
82,3,905.654,194.413,864.42,55.3969,0
82,10,523.544,198.366,478.563,59.2519,0
82,5,139.588,415.761,90.626,329.648,0
82,6,974.15,198.399,929.07,69.123,0
82,9,566.643,415.899,511.855,272.807,1
82,7,848.775,116.096,805.636,68.9615,0
82,8,98.3811,71.0577,55.4178,5.34519,0
82,11,458.877,180.749,413.798,61.2071,0
82,13,39.6102,84.7035,4.38531,33.8377,0
82,12,382.438,55.3081,351.132,5.378,0
82,16,398.184,114.12,337.528,55.3392,0
83,0,746.987,562.77,631.314,380.596,1
83,1,780.253,133.776,740.97,25.9822,0
83,2,1150.43,443.19,1062.39,302.168,0
83,4,270.813,159.198,225.796,24.133,0
83,9,566.635,413.871,509.829,266.914,1
83,3,905.665,194.395,864.427,55.3994,0
83,6,972.248,198.415,929.081,69.1565,0
83,5,139.608,415.758,90.6184,331.562,0
83,7,848.768,116.078,805.647,68.9895,0
83,8,96.4353,71.0319,55.4217,5.34839,0
83,13,37.7716,84.7074,4.41007,35.7292,0
83,10,523.483,120.038,478.607,59.2875,0
83,11,456.93,120.015,413.895,63.1651,0
83,16,392.288,114.095,339.409,53.3701,0
83,12,380.572,53.4142,351.163,5.36777,0
84,1,780.259,133.787,740.966,25.9721,0
84,2,1150.43,443.194,1062.39,302.159,0
84,9,572.546,413.87,509.824,259.106,1
84,0,752.807,562.775,631.322,382.55,1
84,4,268.907,161.137,225.797,24.135,0
84,3,907.564,192.498,864.425,55.3949,0
84,5,139.625,415.768,90.625,329.623,0
84,6,972.256,198.373,929.074,70.9389,0
84,7,848.767,116.085,805.646,69.0165,0
84,10,523.542,200.315,478.537,59.2734,0
84,8,98.414,71.0682,55.4207,5.34713,0
84,13,37.7959,69.1045,5.35167,35.7286,0
84,16,392.315,116.075,339.441,53.3238,0
84,11,456.958,180.742,413.876,63.1598,0
84,12,380.536,53.3745,351.167,5.36447,0
85,1,780.263,133.782,740.978,25.9586,0
85,2,1150.43,443.191,1062.39,302.179,0
85,4,270.819,161.124,225.791,24.1334,0
85,0,750.872,562.762,631.352,384.55,1
85,3,907.559,192.508,864.427,55.3963,0
85,9,584.237,413.82,509.895,257.19,1
85,5,139.618,413.942,90.6242,329.652,0
85,6,972.232,198.405,929.075,70.9449,0
85,7,848.766,116.083,805.641,69.0282,0
85,8,96.4664,71.0482,55.4092,5.34936,0
85,10,523.534,198.379,474.607,59.2801,0
85,13,37.7368,104.334,5.33933,37.638,0
85,11,456.968,184.651,413.915,63.1791,0
85,16,392.332,116.099,339.461,53.3347,0
85,12,380.498,5.37853,364.851,5.36813,0
86,1,780.264,133.802,740.971,25.9601,0
86,2,1150.43,441.335,1062.36,302.147,0
86,4,270.81,161.152,225.795,24.1322,0
86,9,588.168,406.025,507.913,257.045,1
86,3,907.562,192.505,864.425,55.3952,0
86,0,750.88,562.741,631.367,386.494,1
86,5,141.53,415.77,90.6242,325.72,0
86,6,972.245,198.376,929.072,70.9422,0
86,7,848.769,116.091,805.634,69.0173,0
86,8,96.4731,71.0481,55.428,5.34508,0
86,10,523.548,208.142,472.645,59.2761,0
86,13,39.6756,106.312,4.39792,37.6398,0
86,16,390.383,118.003,339.472,53.3394,0
86,11,456.969,188.565,413.904,63.1922,0
86,12,378.624,5.3761,364.819,5.36708,0
87,1,780.27,133.799,740.966,25.9632,0
87,2,1150.42,441.325,1062.38,302.172,0
87,0,754.737,560.792,631.339,388.383,1
87,9,588.298,409.95,498.104,255.159,1
87,4,268.923,159.164,225.793,24.1346,0
87,3,907.563,192.497,864.425,55.3884,0
87,5,141.55,415.758,90.6335,325.752,0
87,6,972.245,198.382,929.073,70.9367,0
87,7,848.774,116.092,805.638,69.0221,0
87,8,96.4702,71.0537,55.4006,5.34645,0
87,10,523.54,210.082,476.552,59.2919,0
87,13,39.7092,104.387,5.34072,37.6372,0
87,16,394.254,117.998,339.457,53.3166,0
87,11,456.984,184.654,413.905,63.1639,0
87,12,376.677,5.37134,360.979,5.36222,0
88,1,780.239,133.793,740.988,25.973,0
88,2,1150.42,443.186,1062.39,302.168,0
88,0,754.758,558.922,629.394,390.369,1
88,3,905.603,190.513,864.506,55.3739,0
88,4,264.966,155.268,225.761,24.1396,0
88,9,590.241,411.932,498.087,257.046,1
88,5,141.554,415.767,90.6423,323.838,0
88,6,972.214,196.455,929.108,70.9377,0
88,7,848.759,116.054,805.646,67.1184,0
88,10,523.521,210.061,474.6,59.2517,0
88,8,98.4343,71.0366,55.4057,5.34582,0
88,13,39.7888,110.202,5.33975,37.6408,0
88,11,458.894,188.576,413.807,61.2505,0
88,16,398.168,116.035,339.41,51.4694,0
88,12,374.735,51.3867,351.112,5.36472,0
88,16,386.423,106.295,353.188,70.9773,0
89,1,780.238,133.805,740.997,25.9609,0
89,2,1150.42,441.334,1064.27,302.169,0
89,3,905.608,190.503,866.343,55.379,0
89,0,754.763,558.907,631.284,392.293,1
89,4,266.918,157.209,225.764,24.1379,0
89,9,590.277,411.85,496.208,257.117,1
89,10,523.542,204.228,476.536,59.2474,0
89,5,141.566,415.783,90.6443,323.801,0
89,6,972.211,196.451,929.111,69.1616,0
89,7,848.754,116.049,805.649,67.1239,0
89,8,98.4792,71.0605,55.3552,5.34725,0
89,11,458.902,190.532,413.79,61.2331,0
89,12,376.642,49.5075,349.238,5.36034,0
89,16,398.191,116.076,337.537,51.4676,0
89,13,39.6306,86.6961,5.34587,37.6642,0
89,16,386.421,106.295,353.211,71.0346,0
90,1,780.24,133.785,740.994,25.9985,0
90,2,1150.41,443.187,1064.29,302.147,0
90,3,903.711,180.761,866.345,55.377,0
90,4,264.997,159.16,225.766,24.1371,0
90,0,754.755,560.83,629.384,394.265,1
90,9,598.06,409.911,498.118,255.2,1
90,5,141.548,415.781,90.6516,323.814,0
90,6,972.229,198.356,929.111,69.1577,0
90,10,523.525,157.228,478.503,59.2622,0
90,7,848.75,116.021,805.654,67.131,0
90,8,98.4439,71.1091,55.3007,5.34686,0
90,12,390.38,43.6513,357.102,4.38823,0
90,11,458.906,186.602,413.777,61.2324,0
90,16,398.192,116.11,337.549,51.4424,0
91,1,780.237,133.779,740.994,26.0055,0
91,2,1150.41,443.194,1062.4,300.271,0
91,3,905.608,190.517,866.353,55.3752,0
91,9,607.809,404.082,494.298,257.114,1
91,4,265.007,155.245,225.763,24.1377,0
91,0,750.872,564.719,629.373,388.455,1
91,5,141.559,415.775,90.6473,325.717,0
91,10,523.54,204.255,476.554,59.2488,0
91,6,972.215,198.35,929.114,69.1626,0
91,7,848.748,116.048,805.655,67.1322,0
91,8,98.4145,71.0766,55.3191,5.34812,0
91,11,458.89,188.582,413.77,61.2374,0
91,12,386.518,39.7513,359.025,4.39072,0
91,16,394.296,116.142,339.412,51.425,0
92,1,780.24,133.786,740.998,26.0056,0
92,0,754.786,566.644,629.332,386.454,1
92,2,1150.41,443.188,1064.29,302.123,0
92,9,615.648,402.157,494.152,257.109,1
92,3,905.616,190.546,866.351,55.3756,0
92,4,265.011,155.284,225.76,24.1388,0
92,5,141.556,415.78,90.6492,325.713,0
92,6,972.225,198.384,929.114,69.1603,0
92,7,848.749,116.055,805.649,67.1202,0
92,8,98.4082,71.1121,55.35,5.34789,0
92,10,523.513,202.297,478.521,59.2635,0
92,11,458.877,182.708,413.792,61.2604,0
92,12,386.43,41.6708,357.067,4.39256,0
92,16,396.217,116.134,339.442,51.4116,0
93,1,780.238,133.788,741,26.0075,0
93,3,905.62,190.527,866.35,55.3741,0
93,9,621.531,396.229,494.186,257.151,1
93,2,1150.42,443.186,1064.29,300.247,0
93,4,266.92,159.177,225.756,25.9369,0
93,0,746.992,566.721,623.468,384.56,1
93,5,141.557,415.783,90.6583,323.838,0
93,10,523.531,198.389,478.515,59.2554,0
93,6,972.204,198.358,929.111,69.1595,0
93,7,848.749,116.049,805.653,67.1229,0
93,8,98.4105,71.0986,55.3245,5.3483,0
93,11,458.885,188.565,413.817,61.2475,0
93,12,384.565,41.6548,357.051,4.39363,0
93,16,392.312,118.021,339.477,51.4193,0
94,0,744.995,564.747,619.562,382.571,1
94,1,780.238,133.783,741,26.0073,0
94,9,615.621,384.487,496.161,257.245,1
94,2,1150.41,443.186,1064.29,300.264,0
94,3,905.613,188.593,866.351,55.3751,0
94,4,265.012,157.23,225.756,25.9385,0
94,5,141.549,415.767,90.6604,323.802,0
94,6,972.202,196.463,929.119,70.9358,0
94,7,846.88,116.035,805.657,67.1266,0
94,8,96.4666,71.1139,55.3179,5.34848,0
94,10,523.517,202.301,476.599,59.2669,0
94,11,458.858,188.569,413.864,61.2723,0
94,12,384.559,41.6249,357.077,4.388,0
94,16,392.32,116.102,339.461,51.3785,0
95,1,780.236,133.795,741.001,26.0125,0
95,9,613.716,382.469,500.064,259.121,1
95,2,1150.42,443.188,1064.29,300.272,0
95,0,742.984,566.653,617.579,382.521,1
95,3,905.599,190.508,866.354,55.3748,0
95,4,265.004,159.15,225.756,25.9395,0
95,5,141.558,415.768,90.6622,325.69,0
95,6,972.205,198.367,929.123,69.1519,0
95,7,846.876,116.037,805.66,67.1296,0
95,8,98.4227,71.1086,55.3241,5.34742,0
95,10,523.508,159.182,478.533,59.2763,0
95,11,458.859,184.664,413.862,61.2625,0
95,12,384.56,41.6891,357.048,4.39295,0
95,16,396.233,116.093,339.447,51.4025,0
96,9,615.642,380.532,500.089,261.026,1
96,1,780.239,133.786,740.999,26.0066,0
96,0,739.096,564.692,615.678,382.511,1
96,2,1150.43,443.189,1064.29,300.248,0
96,3,905.589,190.53,866.351,55.3741,0
96,4,266.93,159.184,225.756,25.9468,0
96,5,141.544,415.75,90.6628,325.726,0
96,6,972.195,196.461,929.136,69.1536,0
96,7,848.75,116.057,805.652,67.1162,0
96,8,98.4129,71.0977,55.3201,5.34823,0
96,10,523.507,206.195,478.533,59.2631,0
96,11,458.858,186.613,413.86,63.1611,0
96,12,384.548,41.6644,357.068,4.39033,0
96,16,396.233,114.159,339.462,49.505,0
97,1,780.255,133.795,740.997,26.0055,0
97,2,1150.41,441.335,1064.29,300.258,0
97,0,729.33,570.544,605.865,384.453,1
97,3,903.733,190.506,866.349,55.3743,0
97,4,264.997,157.234,225.758,25.9449,0
97,9,619.671,380.525,500.094,261.048,1
97,5,139.603,413.944,90.6687,323.829,0
97,6,972.191,196.463,929.135,69.1598,0
97,7,846.879,116.057,805.656,67.1271,0
97,8,98.474,71.0828,55.3437,5.34849,0
97,10,523.511,198.375,478.535,59.2686,0
97,11,458.852,182.708,413.855,63.1624,0
97,12,384.546,41.6627,357.078,4.39213,0
97,16,396.24,116.061,339.467,51.3793,0
98,1,780.253,133.793,740.994,26.0082,0
98,2,1150.42,441.329,1064.29,300.265,0
98,0,729.223,572.529,588.337,384.566,1
98,3,903.733,190.525,866.349,55.3731,0
98,4,264.987,157.223,225.765,25.9467,0
98,5,139.596,413.942,92.5441,323.852,0
98,9,633.266,380.579,496.132,259.124,1
98,6,972.191,198.348,929.135,69.1615,0
98,7,846.877,116.057,805.655,67.1279,0
98,8,100.359,71.0932,55.3326,5.34819,0
98,10,523.514,204.264,476.597,59.2687,0
98,11,458.858,194.48,411.939,63.1551,0
98,12,384.545,41.6793,357.121,4.38766,0
98,16,392.324,116.099,339.457,51.4345,0
99,1,780.252,133.798,740.993,26.0082,0
99,2,1150.42,441.33,1064.3,302.166,0
99,9,617.559,384.449,492.286,259.065,1
99,3,903.731,190.523,866.35,55.3675,0
99,0,727.392,580.424,586.294,392.336,1
99,4,264.993,157.22,225.767,25.9446,0
99,5,139.587,413.929,92.5436,335.583,0
99,6,972.19,196.453,929.133,70.9361,0
99,7,846.876,116.058,805.655,67.125,0
99,8,98.4551,71.091,55.3404,5.34812,0
99,10,523.505,202.302,478.544,59.2698,0
99,11,458.848,188.566,411.916,63.1783,0
99,17,719.466,505.996,698.025,400.225,0
99,12,384.552,39.7525,359.021,4.38631,0
99,16,386.474,116.056,339.472,51.4176,0
100,1,780.247,133.791,740.994,26.0084,0
100,2,1150.42,441.335,1064.3,302.179,0
100,0,731.241,588.189,586.271,396.281,1
100,3,905.592,190.522,866.35,55.3597,0
100,4,264.982,157.24,225.772,25.9473,0
100,5,139.578,413.924,92.5575,335.576,0
100,6,972.191,196.462,929.139,70.9405,0
100,9,617.663,384.433,488.326,257.164,1
100,7,846.875,116.066,805.652,67.1205,0
100,8,96.4635,71.0907,55.3241,5.34779,0
100,11,456.982,121.967,413.836,63.1793,0
100,10,523.512,120.021,478.565,59.2908,0
100,12,384.493,39.7522,359.013,4.38688,0
100,16,390.343,116.026,337.549,51.401,0
101,1,780.252,133.799,740.991,26.019,0
101,2,1150.42,441.332,1064.3,302.192,0
101,0,731.285,588.27,586.351,398.11,1
101,3,903.735,192.446,866.349,55.3586,0
101,4,264.981,155.269,225.774,25.9514,0
101,5,139.597,413.943,92.546,325.717,0
101,9,615.701,394.302,478.539,259.022,1
101,6,972.202,196.469,929.118,70.9712,0
101,7,846.872,116.079,805.647,67.1184,0
101,8,96.4759,71.0807,55.3208,5.34783,0
101,10,523.506,200.344,478.537,59.2714,0
101,11,457.005,188.586,413.834,63.1729,0
101,12,384.514,39.7205,359.039,4.38679,0
101,16,386.425,116.064,339.45,51.4265,0
102,0,731.296,588.302,586.335,396.27,1
102,1,780.241,133.799,740.992,26.018,0
102,2,1150.41,441.33,1064.3,302.191,0
102,3,903.727,192.457,866.348,55.3589,0
102,4,264.978,155.24,225.784,25.9575,0
102,9,603.914,394.298,474.61,257.203,1
102,5,139.615,413.947,92.5445,325.701,0
102,6,972.204,198.361,929.117,70.9716,0
102,7,846.874,116.084,805.647,67.1177,0
102,10,523.509,157.215,478.536,59.2681,0
102,8,96.4704,71.0579,55.3065,5.34787,0
102,11,458.855,190.51,411.916,61.2655,0
102,16,384.556,114.142,349.23,67.1323,0
102,12,384.521,39.6802,359.054,4.3875,0
102,16,384.54,118.025,339.423,51.3969,0
103,1,780.241,135.652,740.992,26.009,0
103,0,729.225,586.213,586.253,396.282,1
103,2,1150.41,441.334,1064.3,302.187,0
103,3,905.592,190.566,864.508,55.3622,0
103,9,592.153,394.288,468.716,257.169,1
103,4,265.011,157.226,225.785,25.9451,0
103,5,139.607,413.935,92.5484,323.852,0
103,6,972.205,198.37,929.118,70.9592,0
103,7,846.867,116.079,805.647,67.1166,0
103,8,96.4713,71.0578,55.3031,5.34744,0
103,11,458.855,141.551,413.824,61.2671,0
103,10,523.486,120.046,478.547,59.2824,0
103,12,396.266,116.084,341.379,4.38336,0
103,16,386.445,114.144,351.11,68.9755,0
104,0,721.464,586.208,576.528,398.133,1
104,1,780.247,135.648,740.99,26.0043,0
104,2,1150.41,441.333,1064.3,302.185,0
104,3,905.596,190.564,864.501,55.3619,0
104,4,268.879,159.177,225.785,25.9406,0
104,9,576.461,396.197,468.702,251.244,1
104,5,139.625,413.942,90.6541,325.699,0
104,6,972.207,196.468,929.119,70.9429,0
104,7,846.871,116.09,805.636,67.1191,0
104,11,458.87,184.646,413.792,61.2491,0
104,8,96.4361,71.041,55.3165,5.34631,0
104,10,523.491,121.97,478.535,59.2745,0
104,12,396.253,116.123,339.485,4.38341,0
104,16,386.46,116.069,349.236,68.9545,0
105,1,780.243,135.649,740.991,26.0048,0
105,2,1150.41,441.334,1064.3,302.191,0
105,0,711.571,588.306,558.905,398.2,1
105,3,905.59,192.457,864.494,55.3651,0
105,4,268.89,159.162,225.788,24.1348,0
105,9,566.655,396.262,464.876,251.252,1
105,5,139.611,413.928,90.6503,323.845,0
105,6,972.217,198.378,929.117,70.9413,0
105,7,846.87,116.08,805.637,67.1155,0
105,8,92.5637,71.0144,55.319,5.34654,0
105,11,458.851,120.028,413.813,63.1571,0
105,10,523.504,120.039,478.538,59.2776,0
105,12,396.25,116.043,341.394,4.38276,0
105,16,386.456,114.104,351.121,68.9869,0
106,0,707.769,598.066,554.859,400.204,1
106,1,780.246,133.804,740.99,26.0047,0
106,2,1150.41,441.327,1064.3,302.194,0
106,3,905.587,190.565,864.493,55.3691,0
106,4,268.874,157.235,225.791,24.1298,0
106,9,562.771,398.095,464.864,245.469,1
106,5,139.632,413.935,90.6383,323.833,0
106,6,972.216,198.365,929.117,70.9418,0
106,7,848.75,116.08,805.642,67.1085,0
106,11,458.849,141.54,413.816,61.2742,0
106,8,92.5474,70.9903,55.3368,5.34625,0
106,10,523.494,121.946,478.542,59.276,0
106,12,396.253,116.07,341.415,4.38256,0
106,16,386.459,114.145,351.097,68.9759,0
107,1,780.245,133.802,740.991,26.0051,0
107,2,1150.4,441.332,1064.29,302.195,0
107,0,703.839,599.966,552.909,404.082,1
107,3,905.587,192.448,864.493,55.3691,0
107,4,268.886,157.222,225.79,24.1321,0
107,5,139.63,413.938,90.6401,325.697,0
107,6,972.217,198.372,929.118,70.9413,0
107,7,848.75,116.079,805.646,67.1083,0
107,9,560.847,394.311,464.878,245.446,1
107,8,92.5721,70.9997,55.3456,5.34734,0
107,11,458.851,182.7,413.809,61.2755,0
107,10,523.498,120.053,478.534,59.2696,0
107,12,396.248,116.045,341.395,4.38208,0
107,16,386.469,114.151,351.098,68.9695,0
108,0,705.764,601.849,551.027,411.923,1
108,1,780.249,133.802,740.989,26.0051,0
108,2,1150.41,441.338,1064.29,302.194,0
108,3,905.592,192.455,864.497,55.3691,0
108,4,268.877,157.216,225.787,24.125,0
108,9,558.833,394.289,464.824,243.494,1
108,5,139.628,413.955,90.6399,323.832,0
108,6,972.218,198.373,929.116,70.942,0
108,7,848.756,116.087,805.642,67.1036,0
108,8,94.4876,71.0057,55.3353,5.34739,0
108,11,456.978,121.997,413.823,63.1793,0
108,10,523.493,120.063,478.551,59.2756,0
108,12,396.257,114.123,341.369,4.39181,0
108,16,386.447,112.172,351.153,69.0055,0
109,0,705.77,600.007,552.902,413.897,1
109,1,780.247,133.8,740.99,26.0088,0
109,2,1150.41,441.338,1064.29,302.195,0
109,3,905.593,192.455,864.496,55.3623,0
109,4,268.88,157.204,225.785,24.1342,0
109,5,141.532,413.943,90.6374,323.826,0
109,6,972.21,198.364,929.114,70.9451,0
109,7,848.753,116.091,805.643,67.1031,0
109,9,562.78,386.423,462.776,241.474,1
109,10,523.513,190.516,478.519,59.2587,0
109,8,94.5005,71.0181,55.3288,5.34768,0
109,11,458.857,182.699,413.792,61.2631,0
109,12,396.234,116.066,341.367,4.38152,0
109,16,386.464,116.025,349.257,68.9587,0
110,0,705.813,600.023,551.01,415.873,1
110,1,780.244,133.801,740.992,26.0061,0
110,2,1150.41,441.338,1064.29,302.153,0
110,3,905.598,192.458,864.497,55.3567,0
110,4,268.924,161.156,225.793,24.1318,0
110,9,572.535,386.487,456.93,237.58,1
110,5,139.618,413.931,90.6384,323.851,0
110,6,972.205,198.394,929.114,70.946,0
110,7,848.748,116.072,805.65,67.1081,0
110,8,94.5115,71.0114,55.3445,5.347,0
110,11,458.849,178.754,413.804,61.2778,0
110,10,523.522,147.455,478.53,59.2658,0
110,12,396.238,116.052,341.391,4.38099,0
110,16,386.447,114.103,351.138,68.9792,0
111,0,705.818,600.03,547.124,417.81,1
111,1,780.25,135.646,740.991,26.0039,0
111,9,572.511,380.602,445.157,227.738,1
111,2,1150.41,443.185,1064.29,302.177,0
111,3,905.6,192.46,864.498,55.3563,0
111,4,268.869,155.28,225.788,24.1379,0
111,5,139.599,413.929,90.6426,335.468,0
111,6,972.21,198.364,929.115,70.9454,0
111,7,848.752,116.085,805.646,67.1049,0
111,8,92.5693,70.992,55.3411,5.34768,0
111,11,458.851,192.493,413.809,61.2732,0
111,10,523.506,192.444,478.541,59.2623,0
111,12,396.23,116.067,341.376,4.38117,0
111,16,386.449,116.021,351.109,68.9657,0
112,1,780.247,135.653,740.993,26.004,0
112,0,703.856,600.029,547.071,419.766,1
112,2,1150.4,443.185,1064.29,300.264,0
112,3,905.6,192.466,864.495,55.3647,0
112,9,566.679,378.637,433.474,229.729,1
112,4,266.964,155.239,225.792,24.1303,0
112,5,139.609,413.929,90.6389,333.577,0
112,6,972.209,198.373,929.114,70.9452,0
112,7,846.88,116.074,805.647,67.1075,0
112,8,92.5705,70.9682,55.3408,5.34741,0
112,11,456.983,178.752,413.835,63.1701,0
112,10,523.508,192.445,478.551,59.2631,0
112,12,396.226,116.018,341.399,4.39164,0
112,16,386.422,112.147,351.171,68.9997,0
113,1,780.264,133.793,740.999,26.0166,0
113,9,566.641,368.896,431.452,227.807,1
113,0,703.832,601.869,551.009,427.518,1
113,2,1150.4,441.339,1064.29,300.245,0
113,3,905.587,192.454,866.343,55.3649,0
113,4,266.959,153.305,225.783,24.1153,0
113,5,139.573,413.931,90.6484,333.569,0
113,6,972.217,198.367,929.113,69.15,0
113,7,846.88,116.054,805.65,67.114,0
113,8,92.5403,70.9678,55.328,5.34701,0
113,11,456.989,180.786,411.89,63.1794,0
113,12,396.234,114.115,341.372,4.38153,0
113,10,523.509,147.47,478.548,59.2822,0
113,16,384.571,110.207,351.2,69.0152,0
114,0,709.689,601.932,552.936,425.646,1
114,1,780.26,133.797,741.003,26.014,0
114,9,570.577,368.826,429.608,235.59,1
114,3,905.588,190.567,866.359,55.363,0
114,4,268.865,155.261,225.789,24.1013,0
114,2,1150.41,443.186,1064.29,298.27,0
114,5,137.683,413.933,90.6564,323.853,0
114,6,972.214,198.367,929.115,69.1525,0
114,7,846.876,116.049,805.654,67.1248,0
114,8,92.5663,70.9648,55.3394,5.34664,0
114,11,456.928,143.485,413.837,63.2134,0
114,10,523.466,120.016,478.575,59.271,0
114,12,392.316,112.174,339.45,4.38915,0
114,16,384.549,104.352,353.069,69.0513,0
115,1,782.16,133.778,741.003,25.9645,0
115,0,711.599,603.866,554.883,425.628,1
115,2,1150.41,441.322,1064.28,300.276,0
115,3,905.641,182.684,864.509,53.4764,0
115,4,266.946,157.193,225.777,25.9348,0
115,9,566.715,368.875,429.526,241.444,1
115,5,137.687,413.946,92.5628,323.725,0
115,6,970.297,200.315,929.122,69.136,0
115,7,848.749,116.04,805.633,67.1076,0
115,11,458.882,118.045,411.895,61.254,0
115,10,523.5,121.993,478.522,59.2604,0
115,12,398.155,112.194,339.44,4.38976,0
115,8,86.7689,69.0664,53.3476,5.34489,0
115,16,388.395,114.162,351.235,69.0569,0
116,0,711.575,601.942,552.963,423.679,1
116,1,780.268,133.789,741.002,25.9416,0
116,2,1150.41,441.317,1064.28,300.259,0
116,3,905.642,192.489,864.506,53.4753,0
116,9,568.591,370.798,429.469,241.423,1
116,4,266.934,153.34,225.776,25.9351,0
116,5,139.577,413.957,92.5593,323.765,0
116,6,970.3,198.415,929.122,69.1361,0
116,7,848.752,116.051,805.632,67.1004,0
116,11,458.868,118.021,411.882,61.2607,0
116,12,398.15,112.149,339.457,4.38914,0
116,8,86.7712,69.0711,53.3531,5.34483,0
116,10,523.52,122.006,478.525,59.2542,0
116,16,388.397,116.045,351.21,69.0469,0
117,0,713.593,602.008,558.908,415.859,1
117,1,780.269,133.786,741.003,25.9433,0
117,2,1150.41,441.315,1064.28,300.257,0
117,3,905.649,192.494,864.506,53.4751,0
117,4,266.944,155.246,225.775,25.9353,0
117,9,554.929,368.862,429.579,239.538,1
117,5,139.577,415.75,92.5516,321.896,0
117,6,970.31,200.311,929.12,69.1347,0
117,7,848.753,116.054,805.632,67.0984,0
117,11,458.882,118.022,411.889,61.256,0
117,10,523.521,121.959,478.529,59.2623,0
117,12,398.151,112.166,339.456,4.38949,0
117,8,86.7702,69.0742,53.3591,5.34482,0
117,16,388.392,116.048,351.187,69.0395,0
118,0,729.399,601.946,576.462,413.795,1
118,1,780.267,133.786,741.002,25.9479,0
118,9,570.651,368.811,429.6,237.545,1
118,2,1150.41,441.31,1064.28,300.261,0
118,3,905.656,192.504,864.507,53.4757,0
118,4,266.948,155.258,225.778,25.9345,0
118,5,139.572,413.956,92.5604,323.722,0
118,6,970.303,200.328,929.121,69.1357,0
118,7,848.752,116.052,805.632,67.0981,0
118,10,523.519,163.117,478.502,59.2499,0
118,11,458.894,143.524,411.881,61.2446,0
118,12,398.146,114.099,339.455,4.38961,0
118,8,86.7708,69.0793,53.3508,5.34483,0
118,16,388.399,116.111,351.137,68.9984,0
119,1,780.268,133.786,741.001,25.9501,0
119,2,1150.41,441.298,1064.28,302.147,0
119,3,907.567,192.486,866.345,53.4796,0
119,0,719.53,601.92,588.269,409.956,1
119,9,560.814,368.891,431.56,227.781,1
119,4,266.945,155.248,225.776,25.9371,0
119,5,139.569,413.942,92.5626,321.858,0
119,10,523.533,194.495,478.49,59.2471,0
119,6,972.19,198.388,929.119,69.1376,0
119,11,458.907,186.597,411.895,61.2232,0
119,7,848.757,116.053,805.63,67.0988,0
119,12,398.166,114.149,337.516,4.38945,0
119,8,86.7715,69.0786,53.374,5.34478,0
119,16,388.394,190.539,349.252,68.9484,0
120,1,780.266,133.783,741.002,25.9514,0
120,2,1150.41,441.293,1064.28,302.144,0
120,9,574.526,366.761,439.349,225.888,1
120,3,907.56,192.504,866.352,53.4803,0
120,4,266.966,157.214,225.775,25.9377,0
120,10,523.522,196.374,478.475,57.3896,0
120,5,137.692,413.96,90.6706,321.854,0
120,0,733.218,601.918,603.878,402.101,1
120,6,970.309,198.388,929.134,69.1349,0
120,11,458.916,184.662,411.921,61.1971,0
120,7,848.759,116.053,805.63,67.1023,0
120,12,398.181,116.097,337.481,4.38975,0
120,8,86.7777,69.103,53.3633,5.34452,0
120,16,388.388,190.53,349.231,67.1365,0
121,9,586.203,364.865,445.159,225.858,1
121,1,780.263,133.786,740.999,25.9434,0
121,2,1150.42,441.291,1064.29,302.13,0
121,3,907.557,182.691,866.354,53.4809,0
121,4,266.966,153.332,225.769,25.9378,0
121,0,743.055,601.892,619.574,400.229,1
121,10,523.53,194.418,478.49,57.3941,0
121,5,137.667,413.953,90.6649,321.87,0
121,6,970.31,198.399,929.135,69.1348,0
121,11,458.921,190.526,411.916,59.3242,0
121,7,848.759,116.047,805.627,67.101,0
121,12,398.196,120.007,337.459,4.38906,0
121,8,86.7813,69.117,53.3565,5.34448,0
121,16,388.389,190.516,349.2,67.1156,0
122,9,586.283,359.019,455.008,225.896,1
122,1,780.265,133.788,741,25.9417,0
122,2,1150.41,441.29,1064.28,302.132,0
122,3,907.562,192.503,866.356,53.4809,0
122,4,266.952,155.263,225.771,24.1403,0
122,0,729.404,601.872,633.353,368.851,1
122,5,137.66,413.958,90.6736,321.871,0
122,6,972.189,198.39,929.138,69.1332,0
122,10,523.508,192.479,476.56,59.2504,0
122,11,458.921,184.666,411.926,61.2049,0
122,7,848.76,116.052,805.625,67.1019,0
122,12,398.183,118.031,337.475,4.38855,0
122,8,86.7821,70.9813,53.3818,5.3447,0
122,16,388.399,131.76,349.223,67.1369,0
123,9,590.183,357.04,460.951,227.772,1
123,1,780.258,133.771,741.007,25.9351,0
123,2,1150.41,441.29,1064.28,300.232,0
123,3,907.559,192.492,866.356,53.4806,0
123,4,268.874,159.188,225.773,24.1394,0
123,5,137.656,413.939,92.5578,321.84,0
123,6,972.193,198.376,929.138,69.1317,0
123,10,523.514,194.473,474.589,59.2461,0
123,0,737.152,598.053,650.913,362.887,1
123,11,458.918,192.519,411.929,61.2022,0
123,7,848.762,116.053,805.624,67.1011,0
123,12,398.199,118.051,337.461,4.38787,0
123,8,86.7849,70.9887,53.3967,5.34453,0
123,16,388.381,190.535,349.203,67.1152,0
124,1,780.257,133.774,741.007,25.937,0
124,2,1150.4,441.295,1064.29,298.266,0
124,3,907.56,192.482,866.355,53.4804,0
124,9,590.16,357.034,464.836,227.691,1
124,4,268.869,159.174,225.77,25.9409,0
124,10,523.527,188.579,478.491,57.3945,0
124,5,137.636,413.936,92.5727,321.878,0
124,6,972.195,198.4,929.136,69.1315,0
124,0,746.928,596.062,664.702,364.841,1
124,11,458.917,190.516,411.927,61.2032,0
124,7,848.763,116.056,805.623,67.0989,0
124,12,398.201,118.039,337.461,4.39016,0
124,8,86.787,115.961,24.0102,5.3446,0
124,16,386.519,192.455,349.208,67.1152,0
125,1,780.26,133.788,741.004,25.9407,0
125,9,586.258,359.044,464.775,227.779,1
125,2,1150.41,441.296,1064.29,298.314,0
125,0,776.288,596.051,666.702,366.788,1
125,3,907.562,192.496,866.351,53.4795,0
125,4,268.889,161.102,225.77,25.9468,0
125,5,137.652,413.951,92.5539,321.805,0
125,6,972.197,200.312,929.134,69.1299,0
125,10,523.517,192.469,478.489,59.2508,0
125,11,458.925,182.733,411.926,61.2009,0
125,7,848.776,116.075,805.611,67.0859,0
125,12,398.18,118.039,337.468,4.38584,0
125,8,86.7795,115.992,24.0203,5.34502,0
125,16,388.397,190.526,349.209,67.1194,0
126,9,588.242,360.956,464.859,229.746,1
126,1,782.153,133.791,741.003,25.9425,0
126,2,1150.41,441.292,1064.29,300.235,0
126,3,907.565,192.486,866.351,53.4795,0
126,4,268.866,159.167,225.772,25.9544,0
126,5,137.649,413.938,92.5653,321.844,0
126,0,792.082,599.954,682.262,370.776,1
126,6,972.202,200.309,929.133,69.1291,0
126,11,458.919,182.739,411.919,61.2079,0
126,7,848.773,116.062,805.616,67.0857,0
126,10,523.506,153.302,478.489,59.2524,0
126,12,398.103,116.068,337.509,4.38547,0
126,8,86.7989,115.997,24.0226,5.34525,0
126,16,388.394,131.773,349.231,67.1419,0
127,1,782.155,133.773,741.001,25.9399,0
127,9,588.323,360.977,464.822,227.705,1
127,2,1150.41,441.278,1064.29,300.272,0
127,3,907.559,192.473,866.348,53.4804,0
127,0,805.675,600.026,682.247,374.703,1
127,4,266.968,159.182,225.769,25.9368,0
127,5,137.627,413.927,92.5772,321.901,0
127,6,972.2,200.303,929.133,69.1289,0
127,11,458.937,184.667,411.924,61.1975,0
127,7,848.781,116.074,805.612,67.0832,0
127,10,523.515,153.298,478.5,59.2518,0
127,12,398.183,116.108,337.466,4.3857,0
127,8,86.7908,115.991,23.9921,5.34536,0
127,16,388.389,192.464,349.198,67.1105,0
128,1,780.269,133.768,740.999,25.9394,0
128,2,1150.42,441.277,1064.3,302.152,0
128,0,807.721,601.877,682.317,382.537,1
128,9,590.204,360.984,464.873,225.832,1
128,3,907.554,192.48,866.352,53.4803,0
128,4,268.877,159.175,225.77,25.9458,0
128,5,135.756,413.933,92.5996,321.875,0
128,6,972.212,200.309,929.133,69.1276,0
128,7,848.776,116.069,805.616,67.0857,0
128,11,458.933,184.668,411.929,61.2083,0
128,10,523.493,155.253,478.487,59.2654,0
128,12,398.186,116.099,337.449,4.38658,0
128,16,388.393,192.477,349.201,67.1175,0
128,8,86.7988,70.9739,53.4205,5.34528,0
129,1,782.177,133.743,741.001,24.1341,0
129,9,592.16,359.017,468.733,214.082,1
129,0,807.733,601.933,682.303,386.438,1
129,2,1150.41,441.279,1064.29,302.217,0
129,3,907.552,180.803,866.35,53.4818,0
129,4,266.97,159.171,225.767,25.9626,0
129,5,135.751,413.932,92.5994,321.905,0
129,6,972.204,200.305,929.133,69.1267,0
129,7,848.772,116.053,805.599,67.0812,0
129,11,458.929,182.733,411.921,61.2543,0
129,10,523.488,120.036,478.506,59.2696,0
129,12,398.192,116.096,337.447,4.38463,0
129,8,86.8017,115.993,23.9939,5.346,0
129,16,388.407,131.786,349.213,67.131,0
130,1,780.28,131.785,741.007,24.1308,0
130,9,592.167,357.067,476.586,212.088,1
130,2,1150.41,441.277,1064.31,302.221,0
130,3,905.66,145.451,866.348,53.4834,0
130,4,268.872,159.201,225.773,25.9482,0
130,0,807.701,601.983,682.315,396.208,1
130,5,135.753,413.945,92.5733,321.87,0
130,6,972.195,198.384,929.129,69.1293,0
130,7,848.79,116.072,805.591,67.1129,0
130,11,458.906,145.451,411.922,61.2505,0
130,10,523.475,118.064,478.509,59.2739,0
130,12,398.169,116.08,337.431,4.38428,0
130,8,86.8008,69.1262,53.433,5.34657,0
130,16,388.404,143.504,349.222,67.1309,0
131,1,782.162,133.752,741.014,24.1377,0
131,2,1148.58,441.27,1064.31,302.219,0
131,3,907.602,192.521,864.509,53.4759,0
131,4,266.959,159.196,225.772,25.9679,0
131,0,807.665,603.898,688.138,413.785,1
131,9,590.237,357.044,488.296,210.154,1
131,5,135.73,413.947,92.5727,323.773,0
131,6,972.196,200.331,929.134,69.1225,0
131,11,458.872,186.625,411.943,65.117,0
131,7,848.762,116.072,805.591,67.0441,0
131,10,523.479,120.02,478.49,59.2727,0
131,12,398.195,112.17,343.378,4.38525,0
131,16,388.391,194.466,349.178,67.0833,0
131,8,86.802,115.997,23.994,5.34672,0
132,1,784.124,133.746,741.021,24.1361,0
132,2,1148.58,441.278,1064.3,302.219,0
132,9,586.287,355.087,494.282,210.073,1
132,0,807.691,605.922,695.962,419.806,1
132,3,907.561,182.695,866.351,53.4719,0
132,4,268.864,161.087,225.782,25.9636,0
132,5,135.742,413.944,92.5909,323.749,0
132,6,972.197,200.315,929.134,69.1241,0
132,11,456.992,186.614,411.943,63.2197,0
132,7,848.749,116.04,805.658,67.0809,0
132,10,521.659,118.082,478.5,59.2752,0
132,12,398.172,108.245,351.156,4.38562,0
132,8,86.7973,115.998,23.9885,5.3466,0
132,16,388.395,194.455,349.212,67.0874,0
133,1,782.177,133.777,741.008,25.9384,0
133,2,1148.58,441.28,1064.3,302.244,0
133,0,807.698,615.653,699.923,421.741,1
133,9,576.467,355.117,503.986,210.081,1
133,3,907.571,182.704,866.35,53.4713,0
133,4,268.864,161.127,225.788,25.965,0
133,5,137.674,413.951,92.5748,323.742,0
133,6,972.197,200.332,929.133,69.1069,0
133,7,848.77,116.054,805.599,67.046,0
133,11,458.902,192.474,411.898,63.2007,0
133,10,523.471,118.115,478.51,59.261,0
133,12,398.132,116.062,337.428,4.38358,0
133,8,86.8016,116.005,23.9785,5.34705,0
133,16,386.516,194.483,349.204,67.0935,0
134,1,784.131,133.779,741.006,24.1376,0
134,2,1148.58,441.285,1064.29,304.053,0
134,9,572.644,355.165,505.885,211.993,1
134,0,807.677,621.526,713.632,423.662,1
134,3,907.576,182.725,864.502,53.471,0
134,4,268.881,161.125,225.79,25.9541,0
134,5,137.669,415.781,92.5609,321.873,0
134,6,972.193,200.328,929.136,69.1142,0
134,7,846.858,116.021,805.648,67.0341,0
134,12,398.163,116.108,339.454,4.38242,0
134,8,86.8064,115.979,23.9881,5.34676,0
134,10,523.488,118.123,478.514,59.2444,0
134,16,388.378,118.013,351.127,67.1336,0
134,11,451.145,118.027,411.919,65.129,0
135,1,782.178,133.769,741.017,24.1311,0
135,2,1148.58,441.274,1064.29,304.052,0
135,9,572.545,355.147,505.897,212.195,1
135,0,807.672,629.407,725.314,425.581,1
135,3,907.598,192.505,866.352,53.4711,0
135,4,268.866,163.038,225.79,25.9591,0
135,5,141.536,415.867,88.6753,321.87,0
135,6,972.212,200.326,929.14,69.0952,0
135,11,453.053,188.565,411.878,67.0516,0
135,7,846.858,116.048,805.617,67.0788,0
135,10,523.493,120.065,478.471,59.2801,0
135,12,398.114,188.567,355.087,4.38345,0
135,16,386.5,194.454,349.161,67.0744,0
135,8,88.6502,115.943,23.9556,5.34677,0
136,1,780.279,133.781,741.012,24.1091,0
136,2,1148.57,441.274,1064.3,304.049,0
136,3,907.567,182.712,866.354,53.4727,0
136,4,266.954,161.163,225.792,25.9654,0
136,0,807.721,633.289,725.392,425.616,1
136,9,572.629,355.165,505.935,214.04,1
136,6,972.215,200.346,929.137,69.101,0
136,5,139.608,413.938,94.5285,321.87,0
136,11,449.188,190.525,411.851,67.0668,0
136,7,846.865,116.04,805.608,65.1736,0
136,10,523.521,184.657,476.577,59.2731,0
136,12,398.132,118.081,337.43,4.38235,0
136,16,388.381,192.5,349.167,67.087,0
136,8,88.6414,115.966,23.9779,5.34676,0
137,1,780.28,133.779,741.017,24.1056,0
137,2,1148.57,441.27,1064.29,304.05,0
137,0,807.732,635.251,725.335,425.622,1
137,3,907.557,182.709,866.348,53.4748,0
137,4,266.97,163.049,225.791,25.974,0
137,5,147.37,413.9,90.6581,323.721,0
137,9,574.546,357.031,505.89,212.072,1
137,6,972.222,200.341,929.133,69.107,0
137,11,449.203,192.483,409.958,67.0853,0
137,7,846.872,116.033,805.608,69.0211,0
137,10,523.503,180.71,478.53,59.2807,0
137,12,398.203,104.374,351.194,4.38286,0
137,16,388.376,194.411,349.157,67.0865,0
137,8,86.809,114.128,22.1262,5.34663,0
138,1,780.273,133.771,741.014,24.118,0
138,2,1148.57,441.279,1064.29,302.242,0
138,3,907.559,182.723,866.351,53.4746,0
138,0,807.743,635.227,727.287,425.661,1
138,4,266.966,161.124,225.792,25.9824,0
138,9,582.338,355.135,505.938,212.021,1
138,5,147.493,415.757,92.5449,321.805,0
138,6,972.223,200.341,929.134,69.1168,0
138,7,848.749,116.018,805.618,69.0227,0
138,11,449.19,184.655,411.861,67.13,0
138,10,523.496,180.715,478.48,59.2691,0
138,12,398.189,116.09,335.583,4.386,0
138,16,392.331,194.473,349.187,67.1107,0
